Label,Prediction,True Prediction,File Name
0,0.92,False,/mnt/local/fiachra/meteor_images/files/20220711_pngs/0/FF_BE0002_20210120_233649_959_0609024_1.png
0,1,False,/mnt/local/fiachra/meteor_images/files/20220711_pngs/0/FF_BE0003_20210121_011349_687_0760064_2.png
0,0.8,False,/mnt/local/fiachra/meteor_images/files/20220711_pngs/0/FF_BE0004_20210119_002216_794_0682752_1.png
0,0.66,False,/mnt/local/fiachra/meteor_images/files/20220711_pngs/0/FF_BE0004_20210120_225346_820_0545536_5.png
0,0.69,False,/mnt/local/fiachra/meteor_images/files/20220711_pngs/0/FF_BE0004_20210120_233719_790_0610816_1.png
0,0.97,False,/mnt/local/fiachra/meteor_images/files/20220711_pngs/0/FF_BE0004_20210120_234013_863_0615168_1.png
0,0.83,False,/mnt/local/fiachra/meteor_images/files/20220711_pngs/0/FF_BE0004_20210120_235620_497_0639232_1.png
0,0.51,False,/mnt/local/fiachra/meteor_images/files/20220711_pngs/0/FF_BE0004_20210121_004133_033_0706816_1.png
0,0.97,False,/mnt/local/fiachra/meteor_images/files/20220711_pngs/0/FF_HR000Y_20200625_215910_996_0246784_10.png
0,0.88,False,/mnt/local/fiachra/meteor_images/files/20220711_pngs/0/FF_HR000Y_20200625_221227_421_0266496_1.png
0,0.75,False,/mnt/local/fiachra/meteor_images/files/20220711_pngs/0/FF_HR000Y_20200625_221847_835_0275968_1.png
0,1,False,/mnt/local/fiachra/meteor_images/files/20220711_pngs/0/FF_HR000Y_20200625_222722_840_0288768_1.png
0,0.86,False,/mnt/local/fiachra/meteor_images/files/20220711_pngs/0/FF_HR000Y_20200625_223017_161_0293120_2.png
0,0.91,False,/mnt/local/fiachra/meteor_images/files/20220711_pngs/0/FF_HR000Y_20200625_223108_363_0294400_1.png
0,0.97,False,/mnt/local/fiachra/meteor_images/files/20220711_pngs/0/FF_HR000Y_20200625_223118_841_0294656_1.png
0,0.59,False,/mnt/local/fiachra/meteor_images/files/20220711_pngs/0/FF_HR000Y_20200625_223118_841_0294656_2.png
0,0.61,False,/mnt/local/fiachra/meteor_images/files/20220711_pngs/0/FF_HR000Y_20200625_223231_086_0296448_2.png
0,0.63,False,/mnt/local/fiachra/meteor_images/files/20220711_pngs/0/FF_HR000Y_20200625_223231_086_0296448_7.png
0,0.98,False,/mnt/local/fiachra/meteor_images/files/20220711_pngs/0/FF_HR000Y_20200625_223301_812_0297216_1.png
0,0.96,False,/mnt/local/fiachra/meteor_images/files/20220711_pngs/0/FF_HR000Y_20200625_223301_812_0297216_5.png
0,0.97,False,/mnt/local/fiachra/meteor_images/files/20220711_pngs/0/FF_HR000Y_20200625_223332_522_0297984_1.png
0,1,False,/mnt/local/fiachra/meteor_images/files/20220711_pngs/0/FF_HR000Y_20200625_223332_522_0297984_3.png
0,0.9,False,/mnt/local/fiachra/meteor_images/files/20220711_pngs/0/FF_HR000Y_20200625_223353_000_0298496_1.png
0,0.66,False,/mnt/local/fiachra/meteor_images/files/20220711_pngs/0/FF_HR000Y_20200625_223403_242_0298752_6.png
0,0.66,False,/mnt/local/fiachra/meteor_images/files/20220711_pngs/0/FF_HR000Y_20200625_223403_242_0298752_8.png
0,0.91,False,/mnt/local/fiachra/meteor_images/files/20220711_pngs/0/FF_HR000Y_20200625_223454_442_0300032_5.png
0,0.65,False,/mnt/local/fiachra/meteor_images/files/20220711_pngs/0/FF_HR000Y_20200625_223525_166_0300800_6.png
0,0.95,False,/mnt/local/fiachra/meteor_images/files/20220711_pngs/0/FF_HR000Y_20200625_223556_690_0301568_1.png
0,0.79,False,/mnt/local/fiachra/meteor_images/files/20220711_pngs/0/FF_HR000Y_20200625_223617_170_0302080_3.png
0,0.92,False,/mnt/local/fiachra/meteor_images/files/20220711_pngs/0/FF_HR000Y_20200625_223637_656_0302592_3.png
0,0.86,False,/mnt/local/fiachra/meteor_images/files/20220711_pngs/0/FF_HR000Y_20200625_223749_324_0304384_1.png
0,0.96,False,/mnt/local/fiachra/meteor_images/files/20220711_pngs/0/FF_HR000Y_20200625_223809_799_0304896_1.png
0,0.54,False,/mnt/local/fiachra/meteor_images/files/20220711_pngs/0/FF_HR000Y_20200625_223952_519_0307456_1.png
0,0.86,False,/mnt/local/fiachra/meteor_images/files/20220711_pngs/0/FF_HR000Y_20200625_224114_518_0309504_1.png
0,0.98,False,/mnt/local/fiachra/meteor_images/files/20220711_pngs/0/FF_HR000Y_20200625_224247_062_0311808_1.png
0,0.91,False,/mnt/local/fiachra/meteor_images/files/20220711_pngs/0/FF_HR000Y_20200625_224257_285_0312064_1.png
0,0.94,False,/mnt/local/fiachra/meteor_images/files/20220711_pngs/0/FF_HR000Y_20200625_224358_722_0313600_1.png
0,0.53,False,/mnt/local/fiachra/meteor_images/files/20220711_pngs/0/FF_HR000Y_20200625_224713_638_0318464_1.png
0,0.77,False,/mnt/local/fiachra/meteor_images/files/20220711_pngs/0/FF_HR000Y_20200625_224856_046_0321024_2.png
0,0.78,False,/mnt/local/fiachra/meteor_images/files/20220711_pngs/0/FF_HR000Y_20200625_224856_046_0321024_4.png
0,0.52,False,/mnt/local/fiachra/meteor_images/files/20220711_pngs/0/FF_HR000Y_20200625_225433_968_0329472_1.png
0,0.74,False,/mnt/local/fiachra/meteor_images/files/20220711_pngs/0/FF_HR000Y_20200625_225608_332_0331776_1.png
0,0.94,False,/mnt/local/fiachra/meteor_images/files/20220711_pngs/0/FF_HR000Y_20200625_230014_088_0337920_1.png
0,0.69,False,/mnt/local/fiachra/meteor_images/files/20220711_pngs/0/FF_HR000Y_20200625_230014_088_0337920_2.png
0,0.52,False,/mnt/local/fiachra/meteor_images/files/20220711_pngs/0/FF_HR000Y_20200625_230115_525_0339456_2.png
0,0.81,False,/mnt/local/fiachra/meteor_images/files/20220711_pngs/0/FF_HR000Y_20200625_230115_525_0339456_7.png
0,0.63,False,/mnt/local/fiachra/meteor_images/files/20220711_pngs/0/FF_HR000Y_20200625_230247_684_0341760_5.png
0,0.8,False,/mnt/local/fiachra/meteor_images/files/20220711_pngs/0/FF_HR000Y_20200625_230409_601_0343808_1.png
0,0.86,False,/mnt/local/fiachra/meteor_images/files/20220711_pngs/0/FF_HR000Y_20200625_230622_723_0347136_1.png
0,0.62,False,/mnt/local/fiachra/meteor_images/files/20220711_pngs/0/FF_HR000Y_20200625_230632_961_0347392_1.png
0,0.99,False,/mnt/local/fiachra/meteor_images/files/20220711_pngs/0/FF_HR000Y_20200625_230724_163_0348672_1.png
0,0.72,False,/mnt/local/fiachra/meteor_images/files/20220711_pngs/0/FF_HR000Y_20200625_230734_403_0348928_1.png
0,0.84,False,/mnt/local/fiachra/meteor_images/files/20220711_pngs/0/FF_HR000Y_20200625_230805_129_0349696_2.png
0,1,False,/mnt/local/fiachra/meteor_images/files/20220711_pngs/0/FF_HR000Y_20200625_230815_371_0349952_1.png
0,0.55,False,/mnt/local/fiachra/meteor_images/files/20220711_pngs/0/FF_HR000Y_20200625_230815_371_0349952_2.png
0,0.79,False,/mnt/local/fiachra/meteor_images/files/20220711_pngs/0/FF_HR000Y_20200625_230825_601_0350208_2.png
0,0.62,False,/mnt/local/fiachra/meteor_images/files/20220711_pngs/0/FF_HR000Y_20200625_230846_080_0350720_1.png
0,0.63,False,/mnt/local/fiachra/meteor_images/files/20220711_pngs/0/FF_HR000Y_20200625_230846_080_0350720_2.png
0,1,False,/mnt/local/fiachra/meteor_images/files/20220711_pngs/0/FF_HR000Y_20200625_230856_323_0350976_1.png
0,0.82,False,/mnt/local/fiachra/meteor_images/files/20220711_pngs/0/FF_HR000Y_20200625_230916_817_0351488_1.png
0,0.94,False,/mnt/local/fiachra/meteor_images/files/20220711_pngs/0/FF_HR000Y_20200625_231109_449_0354304_4.png
0,0.63,False,/mnt/local/fiachra/meteor_images/files/20220711_pngs/0/FF_HR000Y_20200625_231129_919_0354816_2.png
0,0.59,False,/mnt/local/fiachra/meteor_images/files/20220711_pngs/0/FF_HR000Y_20200625_231231_360_0356352_1.png
0,0.94,False,/mnt/local/fiachra/meteor_images/files/20220711_pngs/0/FF_HR000Y_20200625_231241_600_0356608_7.png
0,0.77,False,/mnt/local/fiachra/meteor_images/files/20220711_pngs/0/FF_HR000Y_20200625_231251_846_0356864_1.png
0,0.7,False,/mnt/local/fiachra/meteor_images/files/20220711_pngs/0/FF_HR000Y_20200625_231251_846_0356864_4.png
0,0.53,False,/mnt/local/fiachra/meteor_images/files/20220711_pngs/0/FF_HR000Y_20200625_231302_083_0357120_2.png
0,0.64,False,/mnt/local/fiachra/meteor_images/files/20220711_pngs/0/FF_HR000Y_20200625_231454_725_0359936_1.png
0,0.55,False,/mnt/local/fiachra/meteor_images/files/20220711_pngs/0/FF_HR000Y_20200625_231454_725_0359936_5.png
0,0.54,False,/mnt/local/fiachra/meteor_images/files/20220711_pngs/0/FF_HR000Y_20200625_231658_683_0363008_1.png
0,0.58,False,/mnt/local/fiachra/meteor_images/files/20220711_pngs/0/FF_HR000Y_20200625_231810_362_0364800_1.png
0,0.98,False,/mnt/local/fiachra/meteor_images/files/20220711_pngs/0/FF_HR000Y_20200625_231901_564_0366080_4.png
0,0.77,False,/mnt/local/fiachra/meteor_images/files/20220711_pngs/0/FF_HR000Y_20200625_231923_571_0366592_10.png
0,0.79,False,/mnt/local/fiachra/meteor_images/files/20220711_pngs/0/FF_HR000Y_20200625_231923_571_0366592_13.png
0,0.96,False,/mnt/local/fiachra/meteor_images/files/20220711_pngs/0/FF_HR000Y_20200625_231923_571_0366592_9.png
0,0.57,False,/mnt/local/fiachra/meteor_images/files/20220711_pngs/0/FF_HR000Y_20200625_232024_999_0368128_1.png
0,0.78,False,/mnt/local/fiachra/meteor_images/files/20220711_pngs/0/FF_HR000Y_20200625_232045_482_0368640_1.png
0,0.78,False,/mnt/local/fiachra/meteor_images/files/20220711_pngs/0/FF_HR000Y_20200625_232116_205_0369408_1.png
0,0.63,False,/mnt/local/fiachra/meteor_images/files/20220711_pngs/0/FF_HR000Y_20200625_232116_205_0369408_2.png
0,0.87,False,/mnt/local/fiachra/meteor_images/files/20220711_pngs/0/FF_HR000Y_20200625_232116_205_0369408_3.png
0,0.95,False,/mnt/local/fiachra/meteor_images/files/20220711_pngs/0/FF_HR000Y_20200625_232116_205_0369408_4.png
0,0.97,False,/mnt/local/fiachra/meteor_images/files/20220711_pngs/0/FF_HR000Y_20200625_232157_162_0370432_1.png
0,0.79,False,/mnt/local/fiachra/meteor_images/files/20220711_pngs/0/FF_HR000Y_20200625_232238_118_0371456_2.png
0,0.8,False,/mnt/local/fiachra/meteor_images/files/20220711_pngs/0/FF_HR000Y_20200625_232248_361_0371712_10.png
0,0.96,False,/mnt/local/fiachra/meteor_images/files/20220711_pngs/0/FF_HR000Y_20200625_232329_319_0372736_4.png
0,0.53,False,/mnt/local/fiachra/meteor_images/files/20220711_pngs/0/FF_HR000Y_20200625_232420_524_0374016_1.png
0,0.56,False,/mnt/local/fiachra/meteor_images/files/20220711_pngs/0/FF_HR000Y_20200625_232533_558_0375808_5.png
0,0.62,False,/mnt/local/fiachra/meteor_images/files/20220711_pngs/0/FF_HR000Y_20200625_232554_043_0376320_2.png
0,0.59,False,/mnt/local/fiachra/meteor_images/files/20220711_pngs/0/FF_HR000Y_20200625_232554_043_0376320_3.png
0,0.76,False,/mnt/local/fiachra/meteor_images/files/20220711_pngs/0/FF_HR000Y_20200625_232624_764_0377088_1.png
0,0.82,False,/mnt/local/fiachra/meteor_images/files/20220711_pngs/0/FF_HR000Y_20200625_232705_717_0378112_4.png
0,0.69,False,/mnt/local/fiachra/meteor_images/files/20220711_pngs/0/FF_HR000Y_20200625_232715_959_0378368_2.png
0,0.69,False,/mnt/local/fiachra/meteor_images/files/20220711_pngs/0/FF_HR000Y_20200625_232817_398_0379904_1.png
0,0.87,False,/mnt/local/fiachra/meteor_images/files/20220711_pngs/0/FF_HR000Y_20200625_232858_359_0380928_1.png
0,0.66,False,/mnt/local/fiachra/meteor_images/files/20220711_pngs/0/FF_HR000Y_20200625_232918_841_0381440_1.png
0,0.99,False,/mnt/local/fiachra/meteor_images/files/20220711_pngs/0/FF_HR000Y_20200625_232918_841_0381440_2.png
0,0.53,False,/mnt/local/fiachra/meteor_images/files/20220711_pngs/0/FF_HR000Y_20200625_233131_964_0384768_1.png
0,0.8,False,/mnt/local/fiachra/meteor_images/files/20220711_pngs/0/FF_HR000Y_20200625_233212_930_0385792_1.png
0,0.93,False,/mnt/local/fiachra/meteor_images/files/20220711_pngs/0/FF_HR000Y_20200625_233405_567_0388608_1.png
0,1,False,/mnt/local/fiachra/meteor_images/files/20220711_pngs/0/FF_HR000Y_20200625_233446_516_0389632_1.png
0,0.9,False,/mnt/local/fiachra/meteor_images/files/20220711_pngs/0/FF_HR000Y_20200625_233456_789_0389888_2.png
0,1,False,/mnt/local/fiachra/meteor_images/files/20220711_pngs/0/FF_HR000Y_20200625_233506_998_0390144_1.png
0,0.73,False,/mnt/local/fiachra/meteor_images/files/20220711_pngs/0/FF_HR000Y_20200625_233548_160_0391168_1.png
0,0.97,False,/mnt/local/fiachra/meteor_images/files/20220711_pngs/0/FF_HR000Y_20200625_233558_398_0391424_1.png
0,0.56,False,/mnt/local/fiachra/meteor_images/files/20220711_pngs/0/FF_HR000Y_20200625_233659_835_0392960_1.png
0,0.84,False,/mnt/local/fiachra/meteor_images/files/20220711_pngs/0/FF_HR000Y_20200625_233659_835_0392960_3.png
0,0.92,False,/mnt/local/fiachra/meteor_images/files/20220711_pngs/0/FF_HR000Y_20200625_233710_099_0393216_2.png
0,0.88,False,/mnt/local/fiachra/meteor_images/files/20220711_pngs/0/FF_HR000Y_20200625_233720_321_0393472_1.png
0,0.66,False,/mnt/local/fiachra/meteor_images/files/20220711_pngs/0/FF_HR000Y_20200625_233720_321_0393472_2.png
0,0.74,False,/mnt/local/fiachra/meteor_images/files/20220711_pngs/0/FF_HR000Y_20200625_233902_720_0396032_1.png
0,0.84,False,/mnt/local/fiachra/meteor_images/files/20220711_pngs/0/FF_HR000Y_20200625_233902_720_0396032_2.png
0,0.9,False,/mnt/local/fiachra/meteor_images/files/20220711_pngs/0/FF_HR000Y_20200625_233944_164_0397056_2.png
0,0.82,False,/mnt/local/fiachra/meteor_images/files/20220711_pngs/0/FF_HR000Y_20200625_234004_878_0397568_4.png
0,0.54,False,/mnt/local/fiachra/meteor_images/files/20220711_pngs/0/FF_HR000Y_20200625_234238_597_0401408_1.png
0,0.96,False,/mnt/local/fiachra/meteor_images/files/20220711_pngs/0/FF_HR000Y_20200625_234238_597_0401408_7.png
0,0.58,False,/mnt/local/fiachra/meteor_images/files/20220711_pngs/0/FF_HR000Y_20200625_234329_794_0402688_1.png
0,0.86,False,/mnt/local/fiachra/meteor_images/files/20220711_pngs/0/FF_HR000Y_20200625_234329_794_0402688_11.png
0,0.98,False,/mnt/local/fiachra/meteor_images/files/20220711_pngs/0/FF_HR000Y_20200625_234410_760_0403712_1.png
0,0.86,False,/mnt/local/fiachra/meteor_images/files/20220711_pngs/0/FF_HR000Y_20200625_234410_760_0403712_3.png
0,0.75,False,/mnt/local/fiachra/meteor_images/files/20220711_pngs/0/FF_HR000Y_20200625_234410_760_0403712_4.png
0,0.6,False,/mnt/local/fiachra/meteor_images/files/20220711_pngs/0/FF_HR000Y_20200625_234421_004_0403968_1.png
0,0.94,False,/mnt/local/fiachra/meteor_images/files/20220711_pngs/0/FF_HR000Y_20200625_234512_199_0405248_3.png
0,0.81,False,/mnt/local/fiachra/meteor_images/files/20220711_pngs/0/FF_HR000Y_20200625_234727_149_0408576_1.png
0,0.64,False,/mnt/local/fiachra/meteor_images/files/20220711_pngs/0/FF_HR000Y_20200625_234727_149_0408576_2.png
0,0.76,False,/mnt/local/fiachra/meteor_images/files/20220711_pngs/0/FF_HR000Y_20200625_234747_627_0409088_8.png
0,0.62,False,/mnt/local/fiachra/meteor_images/files/20220711_pngs/0/FF_HR000Y_20200625_234757_867_0409344_2.png
0,0.81,False,/mnt/local/fiachra/meteor_images/files/20220711_pngs/0/FF_HR000Y_20200625_234818_349_0409856_1.png
0,0.85,False,/mnt/local/fiachra/meteor_images/files/20220711_pngs/0/FF_HR000Y_20200625_234818_349_0409856_4.png
0,0.67,False,/mnt/local/fiachra/meteor_images/files/20220711_pngs/0/FF_HR000Y_20200625_234828_592_0410112_1.png
0,0.69,False,/mnt/local/fiachra/meteor_images/files/20220711_pngs/0/FF_HR000Y_20200625_234930_041_0411648_2.png
0,0.84,False,/mnt/local/fiachra/meteor_images/files/20220711_pngs/0/FF_HR000Y_20200625_235000_757_0412416_2.png
0,0.68,False,/mnt/local/fiachra/meteor_images/files/20220711_pngs/0/FF_HR000Y_20200625_235010_993_0412672_1.png
0,0.98,False,/mnt/local/fiachra/meteor_images/files/20220711_pngs/0/FF_HR000Y_20200625_235132_906_0414720_1.png
0,0.81,False,/mnt/local/fiachra/meteor_images/files/20220711_pngs/0/FF_HR000Y_20200625_235213_866_0415744_1.png
0,0.99,False,/mnt/local/fiachra/meteor_images/files/20220711_pngs/0/FF_HR000Y_20200625_235234_349_0416256_3.png
0,0.73,False,/mnt/local/fiachra/meteor_images/files/20220711_pngs/0/FF_HR000Y_20200625_235325_570_0417536_1.png
0,0.95,False,/mnt/local/fiachra/meteor_images/files/20220711_pngs/0/FF_HR000Y_20200625_235519_145_0420352_1.png
0,0.96,False,/mnt/local/fiachra/meteor_images/files/20220711_pngs/0/FF_HR000Y_20200625_235559_147_0421376_1.png
0,0.95,False,/mnt/local/fiachra/meteor_images/files/20220711_pngs/0/FF_HR000Y_20200625_235609_403_0421632_1.png
0,0.85,False,/mnt/local/fiachra/meteor_images/files/20220711_pngs/0/FF_HR000Y_20200625_235619_632_0421888_3.png
0,0.71,False,/mnt/local/fiachra/meteor_images/files/20220711_pngs/0/FF_HR000Y_20200625_235629_866_0422144_1.png
0,0.84,False,/mnt/local/fiachra/meteor_images/files/20220711_pngs/0/FF_HR000Y_20200625_235629_866_0422144_3.png
0,0.55,False,/mnt/local/fiachra/meteor_images/files/20220711_pngs/0/FF_HR000Y_20200625_235640_104_0422400_1.png
0,0.61,False,/mnt/local/fiachra/meteor_images/files/20220711_pngs/0/FF_HR000Y_20200625_235640_104_0422400_3.png
0,0.81,False,/mnt/local/fiachra/meteor_images/files/20220711_pngs/0/FF_HR000Y_20200625_235710_829_0423168_1.png
0,0.71,False,/mnt/local/fiachra/meteor_images/files/20220711_pngs/0/FF_HR000Y_20200625_235802_029_0424448_1.png
0,0.59,False,/mnt/local/fiachra/meteor_images/files/20220711_pngs/0/FF_HR000Y_20200625_235802_029_0424448_2.png
0,0.99,False,/mnt/local/fiachra/meteor_images/files/20220711_pngs/0/FF_HR000Y_20200626_000025_634_0428032_1.png
0,1,False,/mnt/local/fiachra/meteor_images/files/20220711_pngs/0/FF_HR000Y_20200626_000035_866_0428288_4.png
0,0.81,False,/mnt/local/fiachra/meteor_images/files/20220711_pngs/0/FF_HR000Y_20200626_000323_488_0432384_3.png
0,0.58,False,/mnt/local/fiachra/meteor_images/files/20220711_pngs/0/FF_HR000Y_20200626_000627_783_0436992_1.png
0,0.84,False,/mnt/local/fiachra/meteor_images/files/20220711_pngs/0/FF_HR000Y_20200626_000820_791_0439808_8.png
0,0.51,False,/mnt/local/fiachra/meteor_images/files/20220711_pngs/0/FF_HR000Y_20200626_001023_684_0442880_1.png
0,0.83,False,/mnt/local/fiachra/meteor_images/files/20220711_pngs/0/FF_HR000Y_20200626_001054_390_0443648_1.png
0,0.69,False,/mnt/local/fiachra/meteor_images/files/20220711_pngs/0/FF_HR000Y_20200626_001632_677_0452096_1.png
0,0.56,False,/mnt/local/fiachra/meteor_images/files/20220711_pngs/0/FF_HR000Y_20200626_001632_677_0452096_2.png
0,0.92,False,/mnt/local/fiachra/meteor_images/files/20220711_pngs/0/FF_HR000Y_20200626_001835_550_0455168_1.png
0,0.64,False,/mnt/local/fiachra/meteor_images/files/20220711_pngs/0/FF_HR000Y_20200626_002028_211_0457984_1.png
0,0.91,False,/mnt/local/fiachra/meteor_images/files/20220711_pngs/0/FF_HR000Y_20200626_002038_434_0458240_1.png
0,0.62,False,/mnt/local/fiachra/meteor_images/files/20220711_pngs/0/FF_HR000Y_20200626_002038_434_0458240_4.png
0,0.98,False,/mnt/local/fiachra/meteor_images/files/20220711_pngs/0/FF_HR000Y_20200626_002129_630_0459520_1.png
0,0.81,False,/mnt/local/fiachra/meteor_images/files/20220711_pngs/0/FF_HR000Y_20200626_002221_072_0460800_2.png
0,0.63,False,/mnt/local/fiachra/meteor_images/files/20220711_pngs/0/FF_HR000Y_20200626_002413_710_0463616_1.png
0,0.72,False,/mnt/local/fiachra/meteor_images/files/20220711_pngs/0/FF_HR000Y_20200626_002413_710_0463616_2.png
0,0.7,False,/mnt/local/fiachra/meteor_images/files/20220711_pngs/0/FF_HR000Y_20200626_002423_949_0463872_1.png
0,0.81,False,/mnt/local/fiachra/meteor_images/files/20220711_pngs/0/FF_HR000Y_20200626_002545_872_0465920_3.png
0,0.79,False,/mnt/local/fiachra/meteor_images/files/20220711_pngs/0/FF_HR000Y_20200626_002556_113_0466176_1.png
0,1,False,/mnt/local/fiachra/meteor_images/files/20220711_pngs/0/FF_HR000Y_20200626_002749_587_0468992_1.png
0,0.58,False,/mnt/local/fiachra/meteor_images/files/20220711_pngs/0/FF_HR000Y_20200626_003002_710_0472320_1.png
0,0.74,False,/mnt/local/fiachra/meteor_images/files/20220711_pngs/0/FF_HR000Y_20200626_003157_071_0475136_1.png
0,0.9,False,/mnt/local/fiachra/meteor_images/files/20220711_pngs/0/FF_HR000Y_20200626_003227_796_0475904_1.png
0,0.9,False,/mnt/local/fiachra/meteor_images/files/20220711_pngs/0/FF_HR000Y_20200626_003430_672_0478976_1.png
0,0.99,False,/mnt/local/fiachra/meteor_images/files/20220711_pngs/0/FF_HR000Y_20200626_003501_393_0479744_1.png
0,0.6,False,/mnt/local/fiachra/meteor_images/files/20220711_pngs/0/FF_HR000Y_20200626_003704_273_0482816_1.png
0,0.87,False,/mnt/local/fiachra/meteor_images/files/20220711_pngs/0/FF_HR000Y_20200626_003837_753_0485120_4.png
0,0.94,False,/mnt/local/fiachra/meteor_images/files/20220711_pngs/0/FF_HR000Y_20200626_003858_228_0485632_1.png
0,0.68,False,/mnt/local/fiachra/meteor_images/files/20220711_pngs/0/FF_HR000Y_20200626_004020_151_0487680_1.png
0,0.58,False,/mnt/local/fiachra/meteor_images/files/20220711_pngs/0/FF_HR000Y_20200626_004111_716_0488960_1.png
0,0.81,False,/mnt/local/fiachra/meteor_images/files/20220711_pngs/0/FF_HR000Y_20200626_004121_967_0489216_1.png
0,0.81,False,/mnt/local/fiachra/meteor_images/files/20220711_pngs/0/FF_HR000Y_20200626_004223_384_0490752_9.png
0,0.89,False,/mnt/local/fiachra/meteor_images/files/20220711_pngs/0/FF_HR000Y_20200626_004233_627_0491008_2.png
0,0.91,False,/mnt/local/fiachra/meteor_images/files/20220711_pngs/0/FF_HR000Y_20200626_004314_602_0492032_1.png
0,0.73,False,/mnt/local/fiachra/meteor_images/files/20220711_pngs/0/FF_HR000Y_20200626_004426_875_0493824_1.png
0,0.99,False,/mnt/local/fiachra/meteor_images/files/20220711_pngs/0/FF_HR000Y_20200626_004437_112_0494080_2.png
0,0.95,False,/mnt/local/fiachra/meteor_images/files/20220711_pngs/0/FF_HR000Y_20200626_004639_989_0497152_1.png
0,0.98,False,/mnt/local/fiachra/meteor_images/files/20220711_pngs/0/FF_HR000Y_20200626_004639_989_0497152_3.png
0,0.82,False,/mnt/local/fiachra/meteor_images/files/20220711_pngs/0/FF_HR000Y_20200626_004934_067_0501504_1.png
0,0.81,False,/mnt/local/fiachra/meteor_images/files/20220711_pngs/0/FF_HR000Y_20200626_005116_826_0504064_2.png
0,0.63,False,/mnt/local/fiachra/meteor_images/files/20220711_pngs/0/FF_HR000Y_20200626_005208_347_0505344_1.png
0,0.82,False,/mnt/local/fiachra/meteor_images/files/20220711_pngs/0/FF_HR000Y_20200626_005208_347_0505344_4.png
0,0.66,False,/mnt/local/fiachra/meteor_images/files/20220711_pngs/0/FF_HR000Y_20200626_005208_347_0505344_6.png
0,0.73,False,/mnt/local/fiachra/meteor_images/files/20220711_pngs/0/FF_HR000Y_20200626_005208_347_0505344_7.png
0,0.97,False,/mnt/local/fiachra/meteor_images/files/20220711_pngs/0/FF_HR000Y_20200626_005411_221_0508416_1.png
0,0.69,False,/mnt/local/fiachra/meteor_images/files/20220711_pngs/0/FF_HR000Y_20200626_005411_221_0508416_2.png
0,0.93,False,/mnt/local/fiachra/meteor_images/files/20220711_pngs/0/FF_HR000Y_20200626_005512_662_0509952_1.png
0,0.92,False,/mnt/local/fiachra/meteor_images/files/20220711_pngs/0/FF_HR000Y_20200626_005522_905_0510208_2.png
0,0.96,False,/mnt/local/fiachra/meteor_images/files/20220711_pngs/0/FF_HR000Y_20200626_005848_143_0515328_1.png
0,0.76,False,/mnt/local/fiachra/meteor_images/files/20220711_pngs/0/FF_HR000Y_20200626_005848_143_0515328_2.png
0,1,False,/mnt/local/fiachra/meteor_images/files/20220711_pngs/0/FF_HR000Y_20200626_005959_820_0517120_3.png
0,0.7,False,/mnt/local/fiachra/meteor_images/files/20220711_pngs/0/FF_HR000Y_20200626_010010_067_0517376_1.png
0,0.54,False,/mnt/local/fiachra/meteor_images/files/20220711_pngs/0/FF_HR000Y_20200626_010020_315_0517632_10.png
0,0.77,False,/mnt/local/fiachra/meteor_images/files/20220711_pngs/0/FF_HR000Y_20200626_010030_543_0517888_10.png
0,0.55,False,/mnt/local/fiachra/meteor_images/files/20220711_pngs/0/FF_HR000Y_20200626_010040_786_0518144_5.png
0,0.88,False,/mnt/local/fiachra/meteor_images/files/20220711_pngs/0/FF_HR000Y_20200626_010051_030_0518400_2.png
0,0.84,False,/mnt/local/fiachra/meteor_images/files/20220711_pngs/0/FF_HR000Y_20200626_010051_030_0518400_3.png
0,0.62,False,/mnt/local/fiachra/meteor_images/files/20220711_pngs/0/FF_HR000Y_20200626_010314_391_0521984_1.png
0,0.51,False,/mnt/local/fiachra/meteor_images/files/20220711_pngs/0/FF_HR000Y_20200626_010517_259_0525056_3.png
0,0.91,False,/mnt/local/fiachra/meteor_images/files/20220711_pngs/0/FF_HR000Y_20200626_010527_507_0525312_1.png
0,0.54,False,/mnt/local/fiachra/meteor_images/files/20220711_pngs/0/FF_HR000Y_20200626_010547_982_0525824_1.png
0,0.56,False,/mnt/local/fiachra/meteor_images/files/20220711_pngs/0/FF_HR000Y_20200626_010618_707_0526592_1.png
0,0.79,False,/mnt/local/fiachra/meteor_images/files/20220711_pngs/0/FF_HR000Y_20200626_010618_707_0526592_14.png
0,0.89,False,/mnt/local/fiachra/meteor_images/files/20220711_pngs/0/FF_HR000Y_20200626_010618_707_0526592_2.png
0,0.63,False,/mnt/local/fiachra/meteor_images/files/20220711_pngs/0/FF_HR000Y_20200626_010628_949_0526848_2.png
0,0.96,False,/mnt/local/fiachra/meteor_images/files/20220711_pngs/0/FF_HR000Y_20200626_010730_383_0528384_1.png
0,0.65,False,/mnt/local/fiachra/meteor_images/files/20220711_pngs/0/FF_HR000Y_20200626_010750_866_0528896_2.png
0,0.83,False,/mnt/local/fiachra/meteor_images/files/20220711_pngs/0/FF_HR000Y_20200626_011228_542_0535808_1.png
0,0.57,False,/mnt/local/fiachra/meteor_images/files/20220711_pngs/0/FF_HR000Y_20200626_011238_782_0536064_1.png
0,0.6,False,/mnt/local/fiachra/meteor_images/files/20220711_pngs/0/FF_HR000Y_20200626_011421_174_0538624_1.png
0,0.88,False,/mnt/local/fiachra/meteor_images/files/20220711_pngs/0/FF_HR000Y_20200626_011644_610_0542208_2.png
0,0.62,False,/mnt/local/fiachra/meteor_images/files/20220711_pngs/0/FF_HR000Y_20200626_012619_690_0556544_2.png
0,0.59,False,/mnt/local/fiachra/meteor_images/files/20220711_pngs/0/FF_HR000Y_20200626_012619_690_0556544_3.png
0,0.59,False,/mnt/local/fiachra/meteor_images/files/20220711_pngs/0/FF_HR000Y_20200626_012619_690_0556544_4.png
0,0.63,False,/mnt/local/fiachra/meteor_images/files/20220711_pngs/0/FF_HR000Y_20200626_012629_932_0556800_1.png
0,0.73,False,/mnt/local/fiachra/meteor_images/files/20220711_pngs/0/FF_HR000Y_20200626_013623_850_0571648_1.png
0,0.94,False,/mnt/local/fiachra/meteor_images/files/20220711_pngs/0/FF_HR000Y_20200626_013735_528_0573440_1.png
0,0.96,False,/mnt/local/fiachra/meteor_images/files/20220711_pngs/0/FF_HR0010_20201104_205530_726_0412672_1.png
0,0.81,False,/mnt/local/fiachra/meteor_images/files/20220711_pngs/0/FF_HR0010_20201104_205950_446_0419072_1.png
0,0.65,False,/mnt/local/fiachra/meteor_images/files/20220711_pngs/0/FF_HR0010_20201104_213829_987_0476928_1.png
0,0.94,False,/mnt/local/fiachra/meteor_images/files/20220711_pngs/0/FF_HR0010_20201104_235236_538_0677888_2.png
0,0.99,False,/mnt/local/fiachra/meteor_images/files/20220711_pngs/0/FF_HR0010_20201104_235824_715_0686592_1.png
0,0.93,False,/mnt/local/fiachra/meteor_images/files/20220711_pngs/0/FF_HR0010_20201104_235905_671_0687616_1.png
0,0.99,False,/mnt/local/fiachra/meteor_images/files/20220711_pngs/0/FF_HR0010_20201105_002058_913_0720384_1.png
0,0.99,False,/mnt/local/fiachra/meteor_images/files/20220711_pngs/0/FF_HR0010_20201105_002231_062_0722688_1.png
0,0.99,False,/mnt/local/fiachra/meteor_images/files/20220711_pngs/0/FF_HR0010_20201105_002626_605_0728576_7.png
0,0.84,False,/mnt/local/fiachra/meteor_images/files/20220711_pngs/0/FF_HR0010_20201105_002920_684_0732928_4.png
0,0.56,False,/mnt/local/fiachra/meteor_images/files/20220711_pngs/0/FF_HR0010_20201105_003144_026_0736512_1.png
0,0.79,False,/mnt/local/fiachra/meteor_images/files/20220711_pngs/0/FF_HR0010_20201105_003326_426_0739072_2.png
0,0.68,False,/mnt/local/fiachra/meteor_images/files/20220711_pngs/0/FF_HR0010_20201105_003620_557_0743424_1.png
0,0.91,False,/mnt/local/fiachra/meteor_images/files/20220711_pngs/0/FF_HR0010_20201105_003904_386_0747520_3.png
0,0.53,False,/mnt/local/fiachra/meteor_images/files/20220711_pngs/0/FF_HR0010_20201105_004239_429_0752896_3.png
0,0.98,False,/mnt/local/fiachra/meteor_images/files/20220711_pngs/0/FF_HR0010_20201105_004421_834_0755456_1.png
0,0.55,False,/mnt/local/fiachra/meteor_images/files/20220711_pngs/0/FF_HR0010_20201105_011457_888_0801280_1.png
0,0.76,False,/mnt/local/fiachra/meteor_images/files/20220711_pngs/0/FF_HR0010_20201105_011758_412_0805632_1.png
0,0.57,False,/mnt/local/fiachra/meteor_images/files/20220711_pngs/0/FF_HR0010_20201105_011859_885_0807168_3.png
0,0.94,False,/mnt/local/fiachra/meteor_images/files/20220711_pngs/0/FF_HR0010_20201105_012123_481_0810752_7.png
0,0.9,False,/mnt/local/fiachra/meteor_images/files/20220711_pngs/0/FF_HR0010_20201105_012133_726_0811008_4.png
0,0.84,False,/mnt/local/fiachra/meteor_images/files/20220711_pngs/0/FF_HR0010_20201105_012154_210_0811520_2.png
0,0.71,False,/mnt/local/fiachra/meteor_images/files/20220711_pngs/0/FF_HR0010_20201105_012305_886_0813312_5.png
0,0.73,False,/mnt/local/fiachra/meteor_images/files/20220711_pngs/0/FF_HR0010_20201105_012814_795_0820992_2.png
0,0.77,False,/mnt/local/fiachra/meteor_images/files/20220711_pngs/0/FF_HR0010_20201105_012835_646_0821504_2.png
0,0.54,False,/mnt/local/fiachra/meteor_images/files/20220711_pngs/0/FF_HR0010_20201105_012835_646_0821504_5.png
0,0.92,False,/mnt/local/fiachra/meteor_images/files/20220711_pngs/0/FF_HR0010_20201105_012916_621_0822528_2.png
0,0.84,False,/mnt/local/fiachra/meteor_images/files/20220711_pngs/0/FF_HR0010_20201105_012937_084_0823040_9.png
0,1,False,/mnt/local/fiachra/meteor_images/files/20220711_pngs/0/FF_HR0010_20201105_013150_209_0826368_1.png
0,0.93,False,/mnt/local/fiachra/meteor_images/files/20220711_pngs/0/FF_HR0010_20201105_013220_926_0827136_1.png
0,0.75,False,/mnt/local/fiachra/meteor_images/files/20220711_pngs/0/FF_HR0010_20201105_013316_950_0828416_3.png
0,1,False,/mnt/local/fiachra/meteor_images/files/20220711_pngs/0/FF_HR0010_20201105_013449_089_0830720_3.png
0,1,False,/mnt/local/fiachra/meteor_images/files/20220711_pngs/0/FF_HR0010_20201105_013600_771_0832512_4.png
0,0.54,False,/mnt/local/fiachra/meteor_images/files/20220711_pngs/0/FF_HR0010_20201105_013712_454_0834304_5.png
0,0.53,False,/mnt/local/fiachra/meteor_images/files/20220711_pngs/0/FF_HR0010_20201105_014047_491_0839680_1.png
0,0.58,False,/mnt/local/fiachra/meteor_images/files/20220711_pngs/0/FF_HR0010_20201105_014240_145_0842496_5.png
0,0.85,False,/mnt/local/fiachra/meteor_images/files/20220711_pngs/0/FF_HR0010_20201105_015001_994_0853504_1.png
0,1,False,/mnt/local/fiachra/meteor_images/files/20220711_pngs/0/FF_HR0010_20201105_015407_745_0859648_6.png
0,0.7,False,/mnt/local/fiachra/meteor_images/files/20220711_pngs/0/FF_HR0010_20201105_015655_866_0863744_3.png
0,0.91,False,/mnt/local/fiachra/meteor_images/files/20220711_pngs/0/FF_HR0010_20201105_015706_103_0864000_2.png
0,0.99,False,/mnt/local/fiachra/meteor_images/files/20220711_pngs/0/FF_HR0010_20201105_020640_266_0878336_2.png
0,0.98,False,/mnt/local/fiachra/meteor_images/files/20220711_pngs/0/FF_HR0010_20201105_021614_759_0892672_2.png
0,0.55,False,/mnt/local/fiachra/meteor_images/files/20220711_pngs/0/FF_HR0010_20201105_030941_379_0972544_1.png
0,1,False,/mnt/local/fiachra/meteor_images/files/20220711_pngs/0/FF_NL0001_20210223_235605_972_0551424_1.png
0,0.87,False,/mnt/local/fiachra/meteor_images/files/20220711_pngs/0/FF_NL0001_20210305_211456_288_0284160_1.png
0,1,False,/mnt/local/fiachra/meteor_images/files/20220711_pngs/0/FF_NL0001_20210319_012717_000_0630016_1.png
0,0.93,False,/mnt/local/fiachra/meteor_images/files/20220711_pngs/0/FF_NL0001_20210330_032612_949_0777728_1.png
0,0.63,False,/mnt/local/fiachra/meteor_images/files/20220711_pngs/0/FF_NL0001_20210330_230615_688_0387328_1.png
0,0.76,False,/mnt/local/fiachra/meteor_images/files/20220711_pngs/0/FF_NL0001_20210330_230615_688_0387328_18.png
0,0.98,False,/mnt/local/fiachra/meteor_images/files/20220711_pngs/0/FF_NL0001_20210330_230615_688_0387328_6.png
0,0.89,False,/mnt/local/fiachra/meteor_images/files/20220711_pngs/0/FF_NL0001_20210330_230747_857_0389632_3.png
0,0.98,False,/mnt/local/fiachra/meteor_images/files/20220711_pngs/0/FF_NL0001_20210330_230940_613_0392448_1.png
0,0.58,False,/mnt/local/fiachra/meteor_images/files/20220711_pngs/0/FF_NL0001_20210330_231001_083_0392960_2.png
0,1,False,/mnt/local/fiachra/meteor_images/files/20220711_pngs/0/FF_NL0001_20210331_000533_368_0476160_1.png
0,0.98,False,/mnt/local/fiachra/meteor_images/files/20220711_pngs/0/FF_NL0001_20210413_022752_115_0654848_1.png
0,0.6,False,/mnt/local/fiachra/meteor_images/files/20220711_pngs/0/FF_NL0001_20210415_032213_590_0730880_1.png
0,0.99,False,/mnt/local/fiachra/meteor_images/files/20220711_pngs/0/FF_NL0001_20210416_031235_725_0712192_1.png
0,0.99,False,/mnt/local/fiachra/meteor_images/files/20220711_pngs/0/FF_NL0001_20210512_231203_547_0279296_1.png
0,0.67,False,/mnt/local/fiachra/meteor_images/files/20220711_pngs/0/FF_NL0001_20210512_231254_737_0280576_2.png
0,0.97,False,/mnt/local/fiachra/meteor_images/files/20220711_pngs/0/FF_NL0001_20210513_222529_067_0206848_2.png
0,1,False,/mnt/local/fiachra/meteor_images/files/20220711_pngs/0/FF_NL0001_20210514_001412_092_0369408_1.png
0,0.98,False,/mnt/local/fiachra/meteor_images/files/20220711_pngs/0/FF_NL0001_20210524_232051_347_0262400_1.png
0,0.96,False,/mnt/local/fiachra/meteor_images/files/20220711_pngs/0/FF_NL0001_20210526_014119_466_0471040_1.png
0,0.91,False,/mnt/local/fiachra/meteor_images/files/20220711_pngs/0/FF_NL0001_20210619_000451_628_0289792_1.png
0,0.81,False,/mnt/local/fiachra/meteor_images/files/20220711_pngs/0/FF_NL0001_20210619_000613_758_0291840_1.png
0,0.85,False,/mnt/local/fiachra/meteor_images/files/20220711_pngs/0/FF_NL0001_20210619_001100_470_0299008_1.png
0,0.98,False,/mnt/local/fiachra/meteor_images/files/20220711_pngs/0/FF_NL0001_20210619_001110_733_0299264_1.png
0,0.58,False,/mnt/local/fiachra/meteor_images/files/20220711_pngs/0/FF_NL0001_20210712_225939_486_0206080_7.png
0,0.79,False,/mnt/local/fiachra/meteor_images/files/20220711_pngs/0/FF_NL0001_20210712_225959_961_0206592_1.png
0,0.53,False,/mnt/local/fiachra/meteor_images/files/20220711_pngs/0/FF_NL0001_20210712_225959_961_0206592_2.png
0,0.91,False,/mnt/local/fiachra/meteor_images/files/20220711_pngs/0/FF_NL0001_20210712_230010_210_0206848_10.png
0,0.63,False,/mnt/local/fiachra/meteor_images/files/20220711_pngs/0/FF_NL0001_20210712_230010_210_0206848_22.png
0,0.57,False,/mnt/local/fiachra/meteor_images/files/20220711_pngs/0/FF_NL0001_20210712_230030_696_0207360_4.png
0,0.95,False,/mnt/local/fiachra/meteor_images/files/20220711_pngs/0/FF_NL0001_20210712_230101_563_0208128_3.png
0,0.64,False,/mnt/local/fiachra/meteor_images/files/20220711_pngs/0/FF_NL0001_20210712_230142_531_0209152_10.png
0,0.85,False,/mnt/local/fiachra/meteor_images/files/20220711_pngs/0/FF_NL0001_20210712_230152_766_0209408_2.png
0,0.8,False,/mnt/local/fiachra/meteor_images/files/20220711_pngs/0/FF_NL0001_20210712_230243_966_0210688_11.png
0,0.84,False,/mnt/local/fiachra/meteor_images/files/20220711_pngs/0/FF_NL0001_20210712_230254_215_0210944_12.png
0,0.69,False,/mnt/local/fiachra/meteor_images/files/20220711_pngs/0/FF_NL0001_20210712_230254_215_0210944_3.png
0,0.95,False,/mnt/local/fiachra/meteor_images/files/20220711_pngs/0/FF_NL0001_20210717_012017_051_0423680_1.png
0,0.92,False,/mnt/local/fiachra/meteor_images/files/20220711_pngs/0/FF_NL0001_20210717_212456_968_0073216_2.png
0,0.95,False,/mnt/local/fiachra/meteor_images/files/20220711_pngs/0/FF_NL0001_20210717_213445_673_0087296_1.png
0,0.86,False,/mnt/local/fiachra/meteor_images/files/20220711_pngs/0/FF_NL0001_20210717_220350_396_0130816_14.png
0,0.71,False,/mnt/local/fiachra/meteor_images/files/20220711_pngs/0/FF_NL0001_20210717_220532_927_0133376_4.png
0,0.99,False,/mnt/local/fiachra/meteor_images/files/20220711_pngs/0/FF_NL0001_20210717_220603_641_0134144_1.png
0,0.89,False,/mnt/local/fiachra/meteor_images/files/20220711_pngs/0/FF_NL0001_20210717_220613_880_0134400_7.png
0,0.69,False,/mnt/local/fiachra/meteor_images/files/20220711_pngs/0/FF_NL0001_20210717_220756_277_0136960_1.png
0,0.97,False,/mnt/local/fiachra/meteor_images/files/20220711_pngs/0/FF_NL0001_20210718_000520_614_0312832_1.png
0,0.65,False,/mnt/local/fiachra/meteor_images/files/20220711_pngs/0/FF_NL0001_20210718_220505_208_0134656_1.png
0,1,False,/mnt/local/fiachra/meteor_images/files/20220711_pngs/0/FF_NL0001_20210718_220616_953_0136448_1.png
0,0.78,False,/mnt/local/fiachra/meteor_images/files/20220711_pngs/0/FF_NL0001_20210718_221114_086_0143872_4.png
0,0.83,False,/mnt/local/fiachra/meteor_images/files/20220711_pngs/0/FF_NL0001_20210718_221134_706_0144384_3.png
0,0.51,False,/mnt/local/fiachra/meteor_images/files/20220711_pngs/0/FF_NL0001_20210718_221225_787_0145664_4.png
0,0.97,False,/mnt/local/fiachra/meteor_images/files/20220711_pngs/0/FF_NL0001_20210718_221236_053_0145920_16.png
0,0.95,False,/mnt/local/fiachra/meteor_images/files/20220711_pngs/0/FF_NL0001_20210718_221236_053_0145920_5.png
0,1,False,/mnt/local/fiachra/meteor_images/files/20220711_pngs/0/FF_NL0001_20210718_221246_287_0146176_2.png
0,0.97,False,/mnt/local/fiachra/meteor_images/files/20220711_pngs/0/FF_NL0001_20210718_221246_287_0146176_3.png
0,0.98,False,/mnt/local/fiachra/meteor_images/files/20220711_pngs/0/FF_NL0001_20210718_221339_050_0147456_8.png
0,0.93,False,/mnt/local/fiachra/meteor_images/files/20220711_pngs/0/FF_NL0001_20210722_224123_363_0197888_1.png
0,0.53,False,/mnt/local/fiachra/meteor_images/files/20220711_pngs/0/FF_NL0001_20210722_224133_624_0198144_1.png
0,0.9,False,/mnt/local/fiachra/meteor_images/files/20220711_pngs/0/FF_NL0001_20210722_224235_043_0199680_5.png
0,0.8,False,/mnt/local/fiachra/meteor_images/files/20220711_pngs/0/FF_NL0001_20210722_224915_080_0209664_1.png
0,0.68,False,/mnt/local/fiachra/meteor_images/files/20220711_pngs/0/FF_NL0001_20210722_224935_578_0210176_1.png
0,0.59,False,/mnt/local/fiachra/meteor_images/files/20220711_pngs/0/FF_NL0001_20210722_224945_799_0210432_15.png
0,0.55,False,/mnt/local/fiachra/meteor_images/files/20220711_pngs/0/FF_NL0001_20210722_225047_240_0211968_1.png
0,0.75,False,/mnt/local/fiachra/meteor_images/files/20220711_pngs/0/FF_NL0001_20210722_225047_240_0211968_3.png
0,0.94,False,/mnt/local/fiachra/meteor_images/files/20220711_pngs/0/FF_NL0001_20210722_225110_617_0212480_1.png
0,0.99,False,/mnt/local/fiachra/meteor_images/files/20220711_pngs/0/FF_NL0001_20210722_225209_159_0214016_2.png
0,0.67,False,/mnt/local/fiachra/meteor_images/files/20220711_pngs/0/FF_NL0001_20210722_225209_159_0214016_3.png
0,0.94,False,/mnt/local/fiachra/meteor_images/files/20220711_pngs/0/FF_NL0001_20210722_225320_843_0215808_1.png
0,0.97,False,/mnt/local/fiachra/meteor_images/files/20220711_pngs/0/FF_NL0001_20210722_225320_843_0215808_3.png
0,0.83,False,/mnt/local/fiachra/meteor_images/files/20220711_pngs/0/FF_NL0001_20210722_225341_343_0216320_1.png
0,0.69,False,/mnt/local/fiachra/meteor_images/files/20220711_pngs/0/FF_NL0001_20210731_214514_179_0136960_1.png
0,0.93,False,/mnt/local/fiachra/meteor_images/files/20220711_pngs/0/FF_NL0001_20210803_213542_157_0131584_3.png
0,0.94,False,/mnt/local/fiachra/meteor_images/files/20220711_pngs/0/FF_NL0001_20210803_213612_873_0132352_2.png
0,0.85,False,/mnt/local/fiachra/meteor_images/files/20220711_pngs/0/FF_NL0001_20210803_213623_125_0132608_8.png
0,0.84,False,/mnt/local/fiachra/meteor_images/files/20220711_pngs/0/FF_NL0001_20210803_213633_357_0132864_3.png
0,0.57,False,/mnt/local/fiachra/meteor_images/files/20220711_pngs/0/FF_NL0001_20210803_213745_034_0134656_3.png
0,0.51,False,/mnt/local/fiachra/meteor_images/files/20220711_pngs/0/FF_NL0001_20210803_213805_526_0135168_14.png
0,0.91,False,/mnt/local/fiachra/meteor_images/files/20220711_pngs/0/FF_NL0001_20210803_213805_526_0135168_15.png
0,0.89,False,/mnt/local/fiachra/meteor_images/files/20220711_pngs/0/FF_NL0001_20210808_210119_229_0094464_3.png
0,0.99,False,/mnt/local/fiachra/meteor_images/files/20220711_pngs/0/FF_NL0001_20210808_210504_525_0100096_2.png
0,0.53,False,/mnt/local/fiachra/meteor_images/files/20220711_pngs/0/FF_NL0001_20210808_210514_749_0100352_1.png
0,0.79,False,/mnt/local/fiachra/meteor_images/files/20220711_pngs/0/FF_NL0001_20210808_210524_993_0100608_5.png
0,1,False,/mnt/local/fiachra/meteor_images/files/20220711_pngs/0/FF_NL0001_20210811_025102_161_0624128_1.png
0,0.97,False,/mnt/local/fiachra/meteor_images/files/20220711_pngs/0/FF_NL0001_20210814_213840_122_0169984_1.png
0,0.99,False,/mnt/local/fiachra/meteor_images/files/20220711_pngs/0/FF_NL0001_20210814_215010_003_0187136_1.png
0,0.56,False,/mnt/local/fiachra/meteor_images/files/20220711_pngs/0/FF_NL0001_20210815_222140_643_0237312_1.png
0,0.73,False,/mnt/local/fiachra/meteor_images/files/20220711_pngs/0/FF_NL0001_20210816_214220_681_0181760_3.png
0,0.65,False,/mnt/local/fiachra/meteor_images/files/20220711_pngs/0/FF_NL0001_20210819_203933_280_0097024_2.png
0,0.94,False,/mnt/local/fiachra/meteor_images/files/20220711_pngs/0/FF_NL0001_20210824_202805_000_0097280_1.png
0,0.99,False,/mnt/local/fiachra/meteor_images/files/20220711_pngs/0/FF_NL0001_20210824_202957_805_0100096_1.png
0,0.68,False,/mnt/local/fiachra/meteor_images/files/20220711_pngs/0/FF_NL0001_20210824_203109_493_0101888_2.png
0,0.86,False,/mnt/local/fiachra/meteor_images/files/20220711_pngs/0/FF_NL0001_20210826_203714_366_0118272_1.png
0,0.98,False,/mnt/local/fiachra/meteor_images/files/20220711_pngs/0/FF_NL0001_20210827_212640_301_0195584_1.png
0,0.86,False,/mnt/local/fiachra/meteor_images/files/20220711_pngs/0/FF_NL0001_20210828_021617_507_0629504_1.png
0,1,False,/mnt/local/fiachra/meteor_images/files/20220711_pngs/0/FF_NL0001_20210828_201445_113_0090624_1.png
0,0.52,False,/mnt/local/fiachra/meteor_images/files/20220711_pngs/0/FF_NL0001_20210828_202449_360_0105728_2.png
0,0.82,False,/mnt/local/fiachra/meteor_images/files/20220711_pngs/0/FF_NL0001_20210828_203646_881_0123648_1.png
0,1,False,/mnt/local/fiachra/meteor_images/files/20220711_pngs/0/FF_NL0001_20210830_200403_136_0082176_1.png
0,1,False,/mnt/local/fiachra/meteor_images/files/20220711_pngs/0/FF_NL0001_20210831_033709_321_0756992_1.png
0,1,False,/mnt/local/fiachra/meteor_images/files/20220711_pngs/0/FF_NL0001_20210831_034512_466_0769024_1.png
0,0.51,False,/mnt/local/fiachra/meteor_images/files/20220711_pngs/0/FF_NL0001_20210902_201716_693_0112384_3.png
0,0.92,False,/mnt/local/fiachra/meteor_images/files/20220711_pngs/0/FF_NL0001_20210902_204303_214_0151040_1.png
0,0.96,False,/mnt/local/fiachra/meteor_images/files/20220711_pngs/0/FF_NL0001_20210902_205837_811_0174336_1.png
0,0.52,False,/mnt/local/fiachra/meteor_images/files/20220711_pngs/0/FF_NL0001_20210902_205837_811_0174336_4.png
0,0.89,False,/mnt/local/fiachra/meteor_images/files/20220711_pngs/0/FF_NL0001_20210902_211258_183_0195840_1.png
0,0.89,False,/mnt/local/fiachra/meteor_images/files/20220711_pngs/0/FF_NL0001_20210902_211755_150_0203264_1.png
0,0.62,False,/mnt/local/fiachra/meteor_images/files/20220711_pngs/0/FF_NL0001_20210902_212840_384_0219392_3.png
0,1,False,/mnt/local/fiachra/meteor_images/files/20220711_pngs/0/FF_NL0001_20210903_012502_526_0573696_1.png
0,0.56,False,/mnt/local/fiachra/meteor_images/files/20220711_pngs/0/FF_NL0001_20210903_195912_224_0089088_1.png
0,1,False,/mnt/local/fiachra/meteor_images/files/20220711_pngs/0/FF_NL0001_20210905_035109_934_0799744_1.png
0,0.81,False,/mnt/local/fiachra/meteor_images/files/20220711_pngs/0/FF_NL0001_20210905_203042_049_0143104_4.png
0,0.7,False,/mnt/local/fiachra/meteor_images/files/20220711_pngs/0/FF_NL0001_20210905_203102_525_0143616_3.png
0,0.99,False,/mnt/local/fiachra/meteor_images/files/20220711_pngs/0/FF_NL0001_20210905_203214_202_0145408_22.png
0,0.77,False,/mnt/local/fiachra/meteor_images/files/20220711_pngs/0/FF_NL0001_20210905_203417_121_0148480_1.png
0,0.93,False,/mnt/local/fiachra/meteor_images/files/20220711_pngs/0/FF_NL0001_20210905_203447_886_0149248_1.png
0,0.97,False,/mnt/local/fiachra/meteor_images/files/20220711_pngs/0/FF_NL0001_20210905_203447_886_0149248_2.png
0,0.85,False,/mnt/local/fiachra/meteor_images/files/20220711_pngs/0/FF_NL0001_20210905_203528_849_0150272_21.png
0,0.52,False,/mnt/local/fiachra/meteor_images/files/20220711_pngs/0/FF_NL0001_20210905_203549_468_0150784_4.png
0,0.99,False,/mnt/local/fiachra/meteor_images/files/20220711_pngs/0/FF_NL0001_20210905_203559_565_0151040_1.png
0,0.63,False,/mnt/local/fiachra/meteor_images/files/20220711_pngs/0/FF_NL0001_20210905_203620_040_0151552_4.png
0,0.97,False,/mnt/local/fiachra/meteor_images/files/20220711_pngs/0/FF_NL0001_20210905_203711_241_0152832_12.png
0,0.97,False,/mnt/local/fiachra/meteor_images/files/20220711_pngs/0/FF_NL0001_20210905_203721_484_0153088_3.png
0,0.93,False,/mnt/local/fiachra/meteor_images/files/20220711_pngs/0/FF_NL0001_20210905_203833_160_0154880_4.png
0,0.72,False,/mnt/local/fiachra/meteor_images/files/20220711_pngs/0/FF_NL0001_20210905_203853_642_0155392_12.png
0,0.54,False,/mnt/local/fiachra/meteor_images/files/20220711_pngs/0/FF_NL0001_20210905_203853_642_0155392_3.png
0,0.78,False,/mnt/local/fiachra/meteor_images/files/20220711_pngs/0/FF_NL0001_20210905_203853_642_0155392_9.png
0,0.63,False,/mnt/local/fiachra/meteor_images/files/20220711_pngs/0/FF_NL0001_20210905_203903_883_0155648_3.png
0,0.86,False,/mnt/local/fiachra/meteor_images/files/20220711_pngs/0/FF_NL0001_20210905_203944_851_0156672_24.png
0,0.92,False,/mnt/local/fiachra/meteor_images/files/20220711_pngs/0/FF_NL0001_20210905_204016_965_0157440_12.png
0,0.64,False,/mnt/local/fiachra/meteor_images/files/20220711_pngs/0/FF_NL0001_20210905_204027_221_0157696_13.png
0,0.9,False,/mnt/local/fiachra/meteor_images/files/20220711_pngs/0/FF_NL0001_20210905_204027_221_0157696_9.png
0,0.52,False,/mnt/local/fiachra/meteor_images/files/20220711_pngs/0/FF_NL0001_20210905_204037_439_0157952_25.png
0,0.91,False,/mnt/local/fiachra/meteor_images/files/20220711_pngs/0/FF_NL0001_20210905_204047_683_0158208_8.png
0,0.53,False,/mnt/local/fiachra/meteor_images/files/20220711_pngs/0/FF_NL0001_20210905_204057_921_0158464_4.png
0,0.57,False,/mnt/local/fiachra/meteor_images/files/20220711_pngs/0/FF_NL0001_20210905_204057_921_0158464_5.png
0,0.74,False,/mnt/local/fiachra/meteor_images/files/20220711_pngs/0/FF_NL0001_20210905_204108_167_0158720_10.png
0,0.99,False,/mnt/local/fiachra/meteor_images/files/20220711_pngs/0/FF_NL0001_20210905_204128_642_0159232_2.png
0,0.88,False,/mnt/local/fiachra/meteor_images/files/20220711_pngs/0/FF_NL0001_20210905_204138_889_0159488_5.png
0,0.67,False,/mnt/local/fiachra/meteor_images/files/20220711_pngs/0/FF_NL0001_20210905_204138_889_0159488_9.png
0,0.77,False,/mnt/local/fiachra/meteor_images/files/20220711_pngs/0/FF_NL0001_20210905_213932_786_0246272_12.png
0,0.97,False,/mnt/local/fiachra/meteor_images/files/20220711_pngs/0/FF_NL0001_20210905_213932_786_0246272_14.png
0,0.94,False,/mnt/local/fiachra/meteor_images/files/20220711_pngs/0/FF_NL0001_20210905_213932_786_0246272_5.png
0,0.84,False,/mnt/local/fiachra/meteor_images/files/20220711_pngs/0/FF_NL0001_20210905_213932_786_0246272_9.png
0,0.96,False,/mnt/local/fiachra/meteor_images/files/20220711_pngs/0/FF_NL0001_20210905_213943_018_0246528_6.png
0,0.98,False,/mnt/local/fiachra/meteor_images/files/20220711_pngs/0/FF_NL0001_20210905_214003_503_0247040_5.png
0,0.99,False,/mnt/local/fiachra/meteor_images/files/20220711_pngs/0/FF_NL0001_20210905_214023_978_0247552_5.png
0,0.75,False,/mnt/local/fiachra/meteor_images/files/20220711_pngs/0/FF_NL0001_20210905_214023_978_0247552_6.png
0,0.62,False,/mnt/local/fiachra/meteor_images/files/20220711_pngs/0/FF_NL0001_20210905_214044_469_0248064_19.png
0,0.59,False,/mnt/local/fiachra/meteor_images/files/20220711_pngs/0/FF_NL0001_20210905_214104_938_0248576_4.png
0,0.98,False,/mnt/local/fiachra/meteor_images/files/20220711_pngs/0/FF_NL0001_20210905_214104_938_0248576_6.png
0,0.81,False,/mnt/local/fiachra/meteor_images/files/20220711_pngs/0/FF_NL0001_20210905_214115_208_0248832_8.png
0,0.84,False,/mnt/local/fiachra/meteor_images/files/20220711_pngs/0/FF_NL0001_20210905_214135_658_0249344_15.png
0,0.69,False,/mnt/local/fiachra/meteor_images/files/20220711_pngs/0/FF_NL0001_20210905_214145_904_0249600_3.png
0,0.96,False,/mnt/local/fiachra/meteor_images/files/20220711_pngs/0/FF_NL0001_20210905_214145_904_0249600_4.png
0,0.84,False,/mnt/local/fiachra/meteor_images/files/20220711_pngs/0/FF_NL0001_20210905_214145_904_0249600_7.png
0,0.58,False,/mnt/local/fiachra/meteor_images/files/20220711_pngs/0/FF_NL0001_20210905_214156_141_0249856_1.png
0,0.89,False,/mnt/local/fiachra/meteor_images/files/20220711_pngs/0/FF_NL0001_20210905_214206_399_0250112_3.png
0,0.83,False,/mnt/local/fiachra/meteor_images/files/20220711_pngs/0/FF_NL0001_20210905_214216_623_0250368_10.png
0,0.9,False,/mnt/local/fiachra/meteor_images/files/20220711_pngs/0/FF_NL0001_20210905_214216_623_0250368_11.png
0,0.57,False,/mnt/local/fiachra/meteor_images/files/20220711_pngs/0/FF_NL0001_20210905_214237_103_0250880_2.png
0,0.57,False,/mnt/local/fiachra/meteor_images/files/20220711_pngs/0/FF_NL0001_20210905_214247_337_0251136_3.png
0,0.61,False,/mnt/local/fiachra/meteor_images/files/20220711_pngs/0/FF_NL0001_20210905_214338_541_0252416_10.png
0,0.92,False,/mnt/local/fiachra/meteor_images/files/20220711_pngs/0/FF_NL0001_20210905_214409_721_0253184_11.png
0,0.78,False,/mnt/local/fiachra/meteor_images/files/20220711_pngs/0/FF_NL0001_20210905_214409_721_0253184_7.png
0,0.79,False,/mnt/local/fiachra/meteor_images/files/20220711_pngs/0/FF_NL0001_20210905_214419_946_0253440_4.png
0,0.85,False,/mnt/local/fiachra/meteor_images/files/20220711_pngs/0/FF_NL0001_20210905_214430_183_0253696_3.png
0,0.55,False,/mnt/local/fiachra/meteor_images/files/20220711_pngs/0/FF_NL0001_20210905_214511_151_0254720_6.png
0,0.65,False,/mnt/local/fiachra/meteor_images/files/20220711_pngs/0/FF_NL0001_20210905_214511_151_0254720_7.png
0,0.98,False,/mnt/local/fiachra/meteor_images/files/20220711_pngs/0/FF_NL0001_20210906_194625_408_0079872_1.png
0,1,False,/mnt/local/fiachra/meteor_images/files/20220711_pngs/0/FF_NL0001_20210906_200646_966_0110336_1.png
0,0.89,False,/mnt/local/fiachra/meteor_images/files/20220711_pngs/0/FF_NL0001_20210906_200646_966_0110336_2.png
0,0.87,False,/mnt/local/fiachra/meteor_images/files/20220711_pngs/0/FF_NL0001_20210906_200707_446_0110848_4.png
0,0.86,False,/mnt/local/fiachra/meteor_images/files/20220711_pngs/0/FF_NL0001_20210906_200727_933_0111360_2.png
0,0.77,False,/mnt/local/fiachra/meteor_images/files/20220711_pngs/0/FF_NL0001_20210906_200920_576_0114176_1.png
0,0.96,False,/mnt/local/fiachra/meteor_images/files/20220711_pngs/0/FF_NL0001_20210906_200920_576_0114176_19.png
0,0.63,False,/mnt/local/fiachra/meteor_images/files/20220711_pngs/0/FF_NL0001_20210906_205049_417_0176384_1.png
0,1,False,/mnt/local/fiachra/meteor_images/files/20220711_pngs/0/FF_NL0001_20210907_021746_368_0666368_1.png
0,0.97,False,/mnt/local/fiachra/meteor_images/files/20220711_pngs/0/FF_NL0001_20210907_021928_747_0668928_1.png
0,0.61,False,/mnt/local/fiachra/meteor_images/files/20220711_pngs/0/FF_NL0001_20210907_194148_057_0076800_1.png
0,0.87,False,/mnt/local/fiachra/meteor_images/files/20220711_pngs/0/FF_NL0001_20210907_201404_102_0125184_1.png
0,0.52,False,/mnt/local/fiachra/meteor_images/files/20220711_pngs/0/FF_NL0001_20210907_201424_585_0125696_2.png
0,0.56,False,/mnt/local/fiachra/meteor_images/files/20220711_pngs/0/FF_NL0001_20210907_201647_946_0129280_1.png
0,0.64,False,/mnt/local/fiachra/meteor_images/files/20220711_pngs/0/FF_NL0001_20210907_201647_946_0129280_12.png
0,0.92,False,/mnt/local/fiachra/meteor_images/files/20220711_pngs/0/FF_NL0001_20210907_201739_143_0130560_1.png
0,0.91,False,/mnt/local/fiachra/meteor_images/files/20220711_pngs/0/FF_NL0001_20210907_204817_631_0176384_1.png
0,0.72,False,/mnt/local/fiachra/meteor_images/files/20220711_pngs/0/FF_NL0001_20210907_204919_067_0177920_1.png
0,0.84,False,/mnt/local/fiachra/meteor_images/files/20220711_pngs/0/FF_NL0001_20210908_003045_199_0509696_1.png
0,0.58,False,/mnt/local/fiachra/meteor_images/files/20220711_pngs/0/FF_NL0001_20210908_003329_040_0513792_1.png
0,0.72,False,/mnt/local/fiachra/meteor_images/files/20220711_pngs/0/FF_NL0001_20210908_003339_285_0514048_5.png
0,0.84,False,/mnt/local/fiachra/meteor_images/files/20220711_pngs/0/FF_NL0001_20210910_003952_022_0530432_1.png
0,1,False,/mnt/local/fiachra/meteor_images/files/20220711_pngs/0/FF_NL0001_20210910_213756_238_0261376_1.png
0,0.97,False,/mnt/local/fiachra/meteor_images/files/20220711_pngs/0/FF_NL0001_20210910_214141_546_0267008_1.png
0,0.93,False,/mnt/local/fiachra/meteor_images/files/20220711_pngs/0/FF_NL0001_20210913_004733_173_0552704_1.png
0,0.86,False,/mnt/local/fiachra/meteor_images/files/20220711_pngs/0/FF_NL0001_20210913_202332_832_0160000_1.png
0,0.62,False,/mnt/local/fiachra/meteor_images/files/20220711_pngs/0/FF_NL0001_20210913_204320_841_0189696_11.png
0,0.91,False,/mnt/local/fiachra/meteor_images/files/20220711_pngs/0/FF_NL0001_20210913_204320_841_0189696_7.png
0,0.96,False,/mnt/local/fiachra/meteor_images/files/20220711_pngs/0/FF_NL0001_20210913_204525_927_0192768_1.png
0,0.74,False,/mnt/local/fiachra/meteor_images/files/20220711_pngs/0/FF_NL0001_20210913_204617_125_0194048_2.png
0,0.99,False,/mnt/local/fiachra/meteor_images/files/20220711_pngs/0/FF_NL0001_20210913_205753_849_0211456_1.png
0,0.86,False,/mnt/local/fiachra/meteor_images/files/20220711_pngs/0/FF_NL0001_20210913_205753_849_0211456_2.png
0,0.98,False,/mnt/local/fiachra/meteor_images/files/20220711_pngs/0/FF_NL0001_20210920_191805_225_0087296_1.png
0,0.75,False,/mnt/local/fiachra/meteor_images/files/20220711_pngs/0/FF_NL0001_20210920_200007_443_0150272_2.png
0,0.92,False,/mnt/local/fiachra/meteor_images/files/20220711_pngs/0/FF_NL0001_20210920_200129_353_0152320_1.png
0,0.99,False,/mnt/local/fiachra/meteor_images/files/20220711_pngs/0/FF_NL0001_20210920_200312_476_0154880_1.png
0,0.99,False,/mnt/local/fiachra/meteor_images/files/20220711_pngs/0/FF_NL0001_20210920_204038_610_0210944_1.png
0,0.96,False,/mnt/local/fiachra/meteor_images/files/20220711_pngs/0/FF_NL0001_20210920_213629_754_0294656_1.png
0,0.98,False,/mnt/local/fiachra/meteor_images/files/20220711_pngs/0/FF_NL0001_20210922_211448_098_0268800_1.png
0,0.52,False,/mnt/local/fiachra/meteor_images/files/20220711_pngs/0/FF_NL0001_20210923_025454_254_0777984_1.png
0,0.84,False,/mnt/local/fiachra/meteor_images/files/20220711_pngs/0/FF_NL0001_20210923_030053_752_0786944_1.png
0,0.89,False,/mnt/local/fiachra/meteor_images/files/20220711_pngs/0/FF_NL0001_20210923_031853_210_0813824_2.png
0,0.51,False,/mnt/local/fiachra/meteor_images/files/20220711_pngs/0/FF_NL0001_20210923_032004_895_0815616_2.png
0,0.91,False,/mnt/local/fiachra/meteor_images/files/20220711_pngs/0/FF_NL0001_20210923_032207_774_0818688_3.png
0,0.62,False,/mnt/local/fiachra/meteor_images/files/20220711_pngs/0/FF_NL0001_20210923_032319_455_0820480_1.png
0,0.97,False,/mnt/local/fiachra/meteor_images/files/20220711_pngs/0/FF_NL0001_20210923_185929_557_0069888_2.png
0,0.96,False,/mnt/local/fiachra/meteor_images/files/20220711_pngs/0/FF_NL0001_20210923_193240_547_0119552_1.png
0,0.79,False,/mnt/local/fiachra/meteor_images/files/20220711_pngs/0/FF_NL0001_20210923_193341_970_0121088_1.png
0,1,False,/mnt/local/fiachra/meteor_images/files/20220711_pngs/0/FF_NL0001_20210923_194021_378_0131072_1.png
0,0.53,False,/mnt/local/fiachra/meteor_images/files/20220711_pngs/0/FF_NL0001_20210923_200427_903_0167168_1.png
0,1,False,/mnt/local/fiachra/meteor_images/files/20220711_pngs/0/FF_NL0001_20210923_203056_667_0206848_1.png
0,1,False,/mnt/local/fiachra/meteor_images/files/20220711_pngs/0/FF_NL0001_20210923_232936_364_0474624_1.png
0,0.89,False,/mnt/local/fiachra/meteor_images/files/20220711_pngs/0/FF_NL0001_20210924_014835_977_0682752_1.png
0,0.67,False,/mnt/local/fiachra/meteor_images/files/20220711_pngs/0/FF_NL0001_20210925_185653_589_0072448_1.png
0,0.52,False,/mnt/local/fiachra/meteor_images/files/20220711_pngs/0/FF_NL0001_20210925_195144_843_0154624_1.png
0,0.97,False,/mnt/local/fiachra/meteor_images/files/20220711_pngs/0/FF_NL0001_20210925_205705_263_0252416_1.png
0,0.96,False,/mnt/local/fiachra/meteor_images/files/20220711_pngs/0/FF_NL0001_20210925_210143_463_0259328_1.png
0,0.97,False,/mnt/local/fiachra/meteor_images/files/20220711_pngs/0/FF_NL0001_20210927_013857_330_0678144_1.png
0,1,False,/mnt/local/fiachra/meteor_images/files/20220711_pngs/0/FF_NL0001_20210927_032055_272_0830976_1.png
0,0.94,False,/mnt/local/fiachra/meteor_images/files/20220711_pngs/0/FF_NL0001_20210927_190126_816_0086784_5.png
0,0.96,False,/mnt/local/fiachra/meteor_images/files/20220711_pngs/0/FF_NL0001_20210927_193130_223_0131840_2.png
0,1,False,/mnt/local/fiachra/meteor_images/files/20220711_pngs/0/FF_NL0001_20210927_195616_545_0168960_1.png
0,0.72,False,/mnt/local/fiachra/meteor_images/files/20220711_pngs/0/FF_NL0001_20210927_200022_315_0175104_5.png
0,1,False,/mnt/local/fiachra/meteor_images/files/20220711_pngs/0/FF_NL0001_20210927_200340_545_0179968_1.png
0,0.63,False,/mnt/local/fiachra/meteor_images/files/20220711_pngs/0/FF_NL0001_20210927_201843_869_0202496_2.png
0,0.98,False,/mnt/local/fiachra/meteor_images/files/20220711_pngs/0/FF_NL0001_20210927_204318_563_0239360_1.png
0,0.64,False,/mnt/local/fiachra/meteor_images/files/20220711_pngs/0/FF_NL0001_20210927_210825_341_0276992_1.png
0,0.96,False,/mnt/local/fiachra/meteor_images/files/20220711_pngs/0/FF_NL0001_20210928_041016_798_0909312_2.png
0,0.53,False,/mnt/local/fiachra/meteor_images/files/20220711_pngs/0/FF_NL0001_20210928_041016_798_0909312_4.png
0,0.99,False,/mnt/local/fiachra/meteor_images/files/20220711_pngs/0/FF_NL0001_20210928_225225_846_0436224_1.png
0,0.82,False,/mnt/local/fiachra/meteor_images/files/20220711_pngs/0/FF_NL0001_20210929_190020_242_0091648_1.png
0,0.79,False,/mnt/local/fiachra/meteor_images/files/20220711_pngs/0/FF_NL0001_20210929_192130_524_0123392_1.png
0,0.74,False,/mnt/local/fiachra/meteor_images/files/20220711_pngs/0/FF_NL0001_20210929_192901_682_0134656_1.png
0,0.89,False,/mnt/local/fiachra/meteor_images/files/20220711_pngs/0/FF_NL0001_20210929_193510_648_0143872_2.png
0,0.99,False,/mnt/local/fiachra/meteor_images/files/20220711_pngs/0/FF_NL0001_20210929_193723_774_0147200_1.png
0,0.98,False,/mnt/local/fiachra/meteor_images/files/20220711_pngs/0/FF_NL0001_20210929_194100_484_0152576_1.png
0,0.92,False,/mnt/local/fiachra/meteor_images/files/20220711_pngs/0/FF_NL0001_20210929_194303_367_0155648_1.png
0,1,False,/mnt/local/fiachra/meteor_images/files/20220711_pngs/0/FF_NL0001_20210929_194711_209_0161792_1.png
0,1,False,/mnt/local/fiachra/meteor_images/files/20220711_pngs/0/FF_NL0001_20210929_202215_229_0214272_1.png
0,1,False,/mnt/local/fiachra/meteor_images/files/20220711_pngs/0/FF_NL0001_20210929_204857_924_0254208_1.png
0,0.53,False,/mnt/local/fiachra/meteor_images/files/20220711_pngs/0/FF_NL0001_20210929_211233_141_0289536_1.png
0,0.99,False,/mnt/local/fiachra/meteor_images/files/20220711_pngs/0/FF_NL0001_20210930_031337_699_0830464_1.png
0,0.71,False,/mnt/local/fiachra/meteor_images/files/20220711_pngs/0/FF_NL0009_20210109_193607_321_0219136_1.png
0,0.6,False,/mnt/local/fiachra/meteor_images/files/20220711_pngs/0/FF_NL0009_20210109_193720_676_0220928_1.png
0,0.69,False,/mnt/local/fiachra/meteor_images/files/20220711_pngs/0/FF_NL0009_20210109_200524_313_0262912_4.png
0,0.62,False,/mnt/local/fiachra/meteor_images/files/20220711_pngs/0/FF_NL0009_20210109_202853_486_0297984_1.png
0,0.73,False,/mnt/local/fiachra/meteor_images/files/20220711_pngs/0/FF_NL0009_20210112_193823_193_0261120_1.png
0,1,False,/mnt/local/fiachra/meteor_images/files/20220711_pngs/0/FF_NL0009_20210113_005748_918_0708608_1.png
0,0.61,False,/mnt/local/fiachra/meteor_images/files/20220711_pngs/0/FF_NL0009_20210117_180332_191_0115712_7.png
0,1,False,/mnt/local/fiachra/meteor_images/files/20220711_pngs/0/FF_NL0009_20210121_041930_672_1031680_1.png
0,0.99,False,/mnt/local/fiachra/meteor_images/files/20220711_pngs/0/FF_NL0009_20210121_045231_511_1081088_1.png
0,0.94,False,/mnt/local/fiachra/meteor_images/files/20220711_pngs/0/FF_NL0009_20210123_021006_071_0815872_1.png
0,1,False,/mnt/local/fiachra/meteor_images/files/20220711_pngs/0/FF_NL0009_20210123_022722_930_0841216_1.png
0,1,False,/mnt/local/fiachra/meteor_images/files/20220711_pngs/0/FF_NL0009_20210126_040333_564_0990464_7.png
0,0.98,False,/mnt/local/fiachra/meteor_images/files/20220711_pngs/0/FF_NL0009_20210216_051511_013_1037056_1.png
0,0.72,False,/mnt/local/fiachra/meteor_images/files/20220711_pngs/0/FF_NL0009_20210218_201710_355_0147456_1.png
0,0.71,False,/mnt/local/fiachra/meteor_images/files/20220711_pngs/0/FF_NL0009_20210218_201842_734_0147712_1.png
0,0.96,False,/mnt/local/fiachra/meteor_images/files/20220711_pngs/0/FF_NL0009_20210218_201842_734_0147712_3.png
0,0.72,False,/mnt/local/fiachra/meteor_images/files/20220711_pngs/0/FF_NL0009_20210218_213944_123_0164864_1.png
0,0.57,False,/mnt/local/fiachra/meteor_images/files/20220711_pngs/0/FF_NL0009_20210218_214143_704_0165376_1.png
0,0.59,False,/mnt/local/fiachra/meteor_images/files/20220711_pngs/0/FF_NL0009_20210218_214251_760_0165888_1.png
0,0.97,False,/mnt/local/fiachra/meteor_images/files/20220711_pngs/0/FF_NL0009_20210218_214357_378_0166400_1.png
0,0.67,False,/mnt/local/fiachra/meteor_images/files/20220711_pngs/0/FF_NL0009_20210218_214404_592_0166656_2.png
0,0.99,False,/mnt/local/fiachra/meteor_images/files/20220711_pngs/0/FF_NL0009_20210218_223348_800_0182528_1.png
0,0.77,False,/mnt/local/fiachra/meteor_images/files/20220711_pngs/0/FF_NL0009_20210218_224519_872_0186368_2.png
0,0.7,False,/mnt/local/fiachra/meteor_images/files/20220711_pngs/0/FF_NL0009_20210218_232050_296_0197888_1.png
0,0.83,False,/mnt/local/fiachra/meteor_images/files/20220711_pngs/0/FF_NL0009_20210218_234831_341_0206848_1.png
0,0.88,False,/mnt/local/fiachra/meteor_images/files/20220711_pngs/0/FF_NL0009_20210219_010253_995_0233728_1.png
0,0.91,False,/mnt/local/fiachra/meteor_images/files/20220711_pngs/0/FF_NL0009_20210219_010338_170_0234496_1.png
0,0.93,False,/mnt/local/fiachra/meteor_images/files/20220711_pngs/0/FF_NL0009_20210219_013731_905_0246784_2.png
0,0.97,False,/mnt/local/fiachra/meteor_images/files/20220711_pngs/0/FF_NL0009_20210219_041801_440_0302848_1.png
0,0.97,False,/mnt/local/fiachra/meteor_images/files/20220711_pngs/0/FF_NL0009_20210219_042433_161_0309248_1.png
0,1,False,/mnt/local/fiachra/meteor_images/files/20220711_pngs/0/FF_NL0009_20210219_042433_161_0309248_2.png
0,0.56,False,/mnt/local/fiachra/meteor_images/files/20220711_pngs/0/FF_NL0009_20210219_042433_161_0309248_3.png
0,0.8,False,/mnt/local/fiachra/meteor_images/files/20220711_pngs/0/FF_NL0009_20210220_214638_501_0240128_1.png
0,0.52,False,/mnt/local/fiachra/meteor_images/files/20220711_pngs/0/FF_NL0009_20210220_214659_446_0240384_2.png
0,0.93,False,/mnt/local/fiachra/meteor_images/files/20220711_pngs/0/FF_NL0009_20210220_221206_915_0246016_1.png
0,1,False,/mnt/local/fiachra/meteor_images/files/20220711_pngs/0/FF_NL0009_20210221_185413_522_0061440_1.png
0,0.83,False,/mnt/local/fiachra/meteor_images/files/20220711_pngs/0/FF_NL0009_20210221_190608_729_0066816_1.png
0,0.97,False,/mnt/local/fiachra/meteor_images/files/20220711_pngs/0/FF_NL0009_20210221_193158_090_0077056_1.png
0,0.87,False,/mnt/local/fiachra/meteor_images/files/20220711_pngs/0/FF_NL0009_20210221_193158_090_0077056_2.png
0,0.77,False,/mnt/local/fiachra/meteor_images/files/20220711_pngs/0/FF_NL0009_20210221_195409_753_0082176_2.png
0,0.78,False,/mnt/local/fiachra/meteor_images/files/20220711_pngs/0/FF_NL0009_20210221_205336_266_0094976_1.png
0,0.71,False,/mnt/local/fiachra/meteor_images/files/20220711_pngs/0/FF_NL0009_20210221_211758_751_0098048_1.png
0,0.9,False,/mnt/local/fiachra/meteor_images/files/20220711_pngs/0/FF_NL0009_20210224_191417_682_0077056_2.png
0,0.91,False,/mnt/local/fiachra/meteor_images/files/20220711_pngs/0/FF_NL0009_20210226_185604_156_0064512_1.png
0,0.87,False,/mnt/local/fiachra/meteor_images/files/20220711_pngs/0/FF_NL0009_20210226_202753_120_0109568_1.png
0,0.92,False,/mnt/local/fiachra/meteor_images/files/20220711_pngs/0/FF_NL0009_20210226_205957_273_0116480_1.png
0,1,False,/mnt/local/fiachra/meteor_images/files/20220711_pngs/0/FF_NL0009_20210228_030310_855_0370944_1.png
0,0.57,False,/mnt/local/fiachra/meteor_images/files/20220711_pngs/0/FF_NL0009_20210228_043835_159_0402944_1.png
0,0.93,False,/mnt/local/fiachra/meteor_images/files/20220711_pngs/0/FF_NL0009_20210301_211628_907_0024064_2.png
0,0.61,False,/mnt/local/fiachra/meteor_images/files/20220711_pngs/0/FF_NL0009_20210312_195103_291_0141568_2.png
0,0.52,False,/mnt/local/fiachra/meteor_images/files/20220711_pngs/0/FF_NL0009_20210312_203424_252_0206592_1.png
0,0.84,False,/mnt/local/fiachra/meteor_images/files/20220711_pngs/0/FF_NL0009_20210314_190529_212_0068096_1.png
0,0.97,False,/mnt/local/fiachra/meteor_images/files/20220711_pngs/0/FF_NL0009_20210314_194129_855_0122112_3.png
0,0.51,False,/mnt/local/fiachra/meteor_images/files/20220711_pngs/0/FF_NL0009_20210322_211407_477_0115200_1.png
0,1,False,/mnt/local/fiachra/meteor_images/files/20220711_pngs/0/FF_NL0009_20210323_210105_241_0218112_1.png
0,0.99,False,/mnt/local/fiachra/meteor_images/files/20220711_pngs/0/FF_NL0009_20210329_192756_564_0062208_2.png
0,0.95,False,/mnt/local/fiachra/meteor_images/files/20220711_pngs/0/FF_NL0009_20210329_202355_323_0146176_1.png
0,0.97,False,/mnt/local/fiachra/meteor_images/files/20220711_pngs/0/FF_NL0009_20210406_212559_560_0218880_1.png
0,0.86,False,/mnt/local/fiachra/meteor_images/files/20220711_pngs/0/FF_NL0009_20210408_195650_952_0079872_1.png
0,0.89,False,/mnt/local/fiachra/meteor_images/files/20220711_pngs/0/FF_NL0009_20210408_195823_211_0082176_1.png
0,0.58,False,/mnt/local/fiachra/meteor_images/files/20220711_pngs/0/FF_NL0009_20210422_214110_027_0188672_1.png
0,0.87,False,/mnt/local/fiachra/meteor_images/files/20220711_pngs/0/FF_NL0009_20210506_210237_398_0100864_1.png
0,1,False,/mnt/local/fiachra/meteor_images/files/20220711_pngs/0/FF_NL0009_20210527_222329_423_0169984_1.png
0,0.55,False,/mnt/local/fiachra/meteor_images/files/20220711_pngs/0/FF_NL0009_20210609_221412_519_0104704_1.png
0,0.69,False,/mnt/local/fiachra/meteor_images/files/20220711_pngs/0/FF_NL0009_20210609_223738_343_0123392_1.png
0,1,False,/mnt/local/fiachra/meteor_images/files/20220711_pngs/0/FF_NL0009_20210609_234113_484_0156672_1.png
0,0.92,False,/mnt/local/fiachra/meteor_images/files/20220711_pngs/0/FF_NL0009_20210609_234113_484_0156672_2.png
0,1,False,/mnt/local/fiachra/meteor_images/files/20220711_pngs/0/FF_NL0009_20210609_234159_711_0156928_1.png
0,0.67,False,/mnt/local/fiachra/meteor_images/files/20220711_pngs/0/FF_NL0009_20210610_003642_183_0173568_1.png
0,1,False,/mnt/local/fiachra/meteor_images/files/20220711_pngs/0/FF_NL0009_20210610_233637_530_0141312_1.png
0,0.72,False,/mnt/local/fiachra/meteor_images/files/20220711_pngs/0/FF_NL0009_20210611_213408_711_0067840_1.png
0,0.97,False,/mnt/local/fiachra/meteor_images/files/20220711_pngs/0/FF_NL0009_20210611_224809_831_0134144_1.png
0,0.69,False,/mnt/local/fiachra/meteor_images/files/20220711_pngs/0/FF_NL0009_20210612_233122_245_0145408_1.png
0,0.79,False,/mnt/local/fiachra/meteor_images/files/20220711_pngs/0/FF_NL0009_20210612_233122_245_0145408_2.png
0,0.98,False,/mnt/local/fiachra/meteor_images/files/20220711_pngs/0/FF_NL0009_20210613_215244_942_0086528_1.png
0,0.9,False,/mnt/local/fiachra/meteor_images/files/20220711_pngs/0/FF_NL0009_20210614_221544_283_0106240_1.png
0,0.91,False,/mnt/local/fiachra/meteor_images/files/20220711_pngs/0/FF_NL0009_20210614_225952_506_0126720_1.png
0,0.89,False,/mnt/local/fiachra/meteor_images/files/20220711_pngs/0/FF_NL0009_20210628_012315_617_0406784_1.png
0,0.51,False,/mnt/local/fiachra/meteor_images/files/20220711_pngs/0/FF_NL0009_20210730_205700_287_0062720_1.png
0,0.81,False,/mnt/local/fiachra/meteor_images/files/20220711_pngs/0/FF_NL0009_20210730_211532_555_0090368_9.png
0,0.63,False,/mnt/local/fiachra/meteor_images/files/20220711_pngs/0/FF_NL0009_20210803_213803_879_0135424_1.png
0,1,False,/mnt/local/fiachra/meteor_images/files/20220711_pngs/0/FF_NL0009_20210803_215612_999_0162560_1.png
0,0.94,False,/mnt/local/fiachra/meteor_images/files/20220711_pngs/0/FF_NL0009_20210808_210305_006_0096768_1.png
0,0.78,False,/mnt/local/fiachra/meteor_images/files/20220711_pngs/0/FF_NL0009_20210808_210650_284_0102400_1.png
0,0.98,False,/mnt/local/fiachra/meteor_images/files/20220711_pngs/0/FF_NL0009_20210808_210650_284_0102400_3.png
0,0.88,False,/mnt/local/fiachra/meteor_images/files/20220711_pngs/0/FF_NL0009_20210808_210650_284_0102400_5.png
0,0.76,False,/mnt/local/fiachra/meteor_images/files/20220711_pngs/0/FF_NL0009_20210826_195521_757_0055296_1.png
0,0.98,False,/mnt/local/fiachra/meteor_images/files/20220711_pngs/0/FF_NL0009_20210902_194850_098_0069888_1.png
0,0.98,False,/mnt/local/fiachra/meteor_images/files/20220711_pngs/0/FF_NL0009_20210902_194850_098_0069888_2.png
0,1,False,/mnt/local/fiachra/meteor_images/files/20220711_pngs/0/FF_NL0009_20210902_195256_898_0076032_1.png
0,0.88,False,/mnt/local/fiachra/meteor_images/files/20220711_pngs/0/FF_NL0009_20210902_195703_140_0082176_1.png
0,0.88,False,/mnt/local/fiachra/meteor_images/files/20220711_pngs/0/FF_NL0009_20210902_195835_300_0084480_1.png
0,1,False,/mnt/local/fiachra/meteor_images/files/20220711_pngs/0/FF_NL0009_20210902_195936_747_0086016_1.png
0,0.64,False,/mnt/local/fiachra/meteor_images/files/20220711_pngs/0/FF_NL0009_20210902_205834_680_0174336_1.png
0,0.88,False,/mnt/local/fiachra/meteor_images/files/20220711_pngs/0/FF_NL0009_20210902_210027_304_0177152_1.png
0,0.69,False,/mnt/local/fiachra/meteor_images/files/20220711_pngs/0/FF_NL0009_20210902_210027_304_0177152_2.png
0,0.96,False,/mnt/local/fiachra/meteor_images/files/20220711_pngs/0/FF_NL0009_20210902_210716_900_0187392_2.png
0,0.64,False,/mnt/local/fiachra/meteor_images/files/20220711_pngs/0/FF_NL0009_20210902_210716_900_0187392_3.png
0,0.62,False,/mnt/local/fiachra/meteor_images/files/20220711_pngs/0/FF_NL0009_20210902_214034_580_0237312_1.png
0,0.65,False,/mnt/local/fiachra/meteor_images/files/20220711_pngs/0/FF_NL0009_20210904_205550_221_0177408_1.png
0,0.84,False,/mnt/local/fiachra/meteor_images/files/20220711_pngs/0/FF_NL0009_20210904_205550_221_0177408_4.png
0,0.74,False,/mnt/local/fiachra/meteor_images/files/20220711_pngs/0/FF_NL0009_20210905_201837_449_0125184_1.png
0,0.88,False,/mnt/local/fiachra/meteor_images/files/20220711_pngs/0/FF_NL0009_20210906_234739_339_0442112_1.png
0,0.97,False,/mnt/local/fiachra/meteor_images/files/20220711_pngs/0/FF_NL0009_20210907_204923_141_0178432_1.png
0,0.75,False,/mnt/local/fiachra/meteor_images/files/20220711_pngs/0/FF_NL0009_20210907_204943_612_0178944_1.png
0,0.65,False,/mnt/local/fiachra/meteor_images/files/20220711_pngs/0/FF_NL0009_20210908_200709_091_0118528_1.png
0,0.55,False,/mnt/local/fiachra/meteor_images/files/20220711_pngs/0/FF_NL0009_20210912_222744_301_0343552_2.png
0,0.99,False,/mnt/local/fiachra/meteor_images/files/20220711_pngs/0/FF_NL0009_20210913_195821_190_0123136_1.png
0,1,False,/mnt/local/fiachra/meteor_images/files/20220711_pngs/0/FF_NL0009_20210913_195821_190_0123136_2.png
0,0.84,False,/mnt/local/fiachra/meteor_images/files/20220711_pngs/0/FF_NL0009_20210913_195841_672_0123648_1.png
0,0.67,False,/mnt/local/fiachra/meteor_images/files/20220711_pngs/0/FF_NL0009_20210913_195841_672_0123648_8.png
0,0.77,False,/mnt/local/fiachra/meteor_images/files/20220711_pngs/0/FF_NL0009_20210913_195932_870_0124928_2.png
0,0.83,False,/mnt/local/fiachra/meteor_images/files/20220711_pngs/0/FF_NL0009_20210913_200013_839_0125952_1.png
0,0.59,False,/mnt/local/fiachra/meteor_images/files/20220711_pngs/0/FF_NL0009_20210913_203320_558_0175616_1.png
0,0.91,False,/mnt/local/fiachra/meteor_images/files/20220711_pngs/0/FF_NL0009_20210913_203320_558_0175616_3.png
0,0.59,False,/mnt/local/fiachra/meteor_images/files/20220711_pngs/0/FF_NL0009_20210913_204314_677_0190464_4.png
0,0.76,False,/mnt/local/fiachra/meteor_images/files/20220711_pngs/0/FF_NL0009_20210913_204416_112_0192000_10.png
0,0.69,False,/mnt/local/fiachra/meteor_images/files/20220711_pngs/0/FF_NL0009_20210913_204416_112_0192000_2.png
0,0.61,False,/mnt/local/fiachra/meteor_images/files/20220711_pngs/0/FF_NL0009_20210913_204517_565_0193536_6.png
0,0.7,False,/mnt/local/fiachra/meteor_images/files/20220711_pngs/0/FF_NL0009_20210913_204527_790_0193792_1.png
0,0.57,False,/mnt/local/fiachra/meteor_images/files/20220711_pngs/0/FF_NL0009_20210913_204527_790_0193792_2.png
0,0.56,False,/mnt/local/fiachra/meteor_images/files/20220711_pngs/0/FF_NL0009_20210913_204527_790_0193792_7.png
0,0.66,False,/mnt/local/fiachra/meteor_images/files/20220711_pngs/0/FF_NL0009_20210913_204538_035_0194048_1.png
0,0.99,False,/mnt/local/fiachra/meteor_images/files/20220711_pngs/0/FF_NL0009_20210913_205248_148_0204800_1.png
0,0.98,False,/mnt/local/fiachra/meteor_images/files/20220711_pngs/0/FF_NL0009_20210913_205745_336_0212224_2.png
0,0.97,False,/mnt/local/fiachra/meteor_images/files/20220711_pngs/0/FF_NL0009_20210913_205745_336_0212224_3.png
0,0.99,False,/mnt/local/fiachra/meteor_images/files/20220711_pngs/0/FF_NL0009_20210913_205745_336_0212224_4.png
0,0.56,False,/mnt/local/fiachra/meteor_images/files/20220711_pngs/0/FF_NL0009_20210916_185954_402_0045312_1.png
0,0.74,False,/mnt/local/fiachra/meteor_images/files/20220711_pngs/0/FF_NL0009_20210916_190410_420_0051712_1.png
0,0.98,False,/mnt/local/fiachra/meteor_images/files/20220711_pngs/0/FF_NL0009_20210922_194511_522_0134656_1.png
0,0.84,False,/mnt/local/fiachra/meteor_images/files/20220711_pngs/0/FF_NL0009_20210922_194521_786_0134912_1.png
0,0.51,False,/mnt/local/fiachra/meteor_images/files/20220711_pngs/0/FF_NL0009_20210925_210141_335_0260352_1.png
0,0.95,False,/mnt/local/fiachra/meteor_images/files/20220711_pngs/0/FF_NL0009_20211001_195331_492_0178432_1.png
0,0.56,False,/mnt/local/fiachra/meteor_images/files/20220711_pngs/0/FF_NL0009_20211001_200326_774_0193280_1.png
0,0.69,False,/mnt/local/fiachra/meteor_images/files/20220711_pngs/0/FF_NL0009_20211001_203505_385_0240640_1.png
0,0.53,False,/mnt/local/fiachra/meteor_images/files/20220711_pngs/0/FF_NL0009_20211001_211108_667_0294656_1.png
0,0.99,False,/mnt/local/fiachra/meteor_images/files/20220711_pngs/0/FF_NL0009_20211016_003237_036_0642048_1.png
0,0.99,False,/mnt/local/fiachra/meteor_images/files/20220711_pngs/0/FF_NL0009_20211016_003247_277_0642304_1.png
0,0.99,False,/mnt/local/fiachra/meteor_images/files/20220711_pngs/0/FF_NL0009_20211021_212428_992_0378880_1.png
0,0.99,False,/mnt/local/fiachra/meteor_images/files/20220711_pngs/0/FF_NL0009_20211029_232601_165_0582656_1.png
0,0.98,False,/mnt/local/fiachra/meteor_images/files/20220711_pngs/0/FF_NL0009_20211030_214337_598_0432384_1.png
0,1,False,/mnt/local/fiachra/meteor_images/files/20220711_pngs/0/FF_NL0009_20211031_202025_273_0310272_1.png
0,0.74,False,/mnt/local/fiachra/meteor_images/files/20220711_pngs/0/FF_NL0009_20211031_202207_679_0312832_1.png
0,0.97,False,/mnt/local/fiachra/meteor_images/files/20220711_pngs/0/FF_NL0009_20211102_222355_943_0500224_1.png
0,0.62,False,/mnt/local/fiachra/meteor_images/files/20220711_pngs/0/FF_NL0009_20211103_211839_888_0404224_1.png
0,0.59,False,/mnt/local/fiachra/meteor_images/files/20220711_pngs/0/FF_NL0009_20211105_222742_875_0513024_1.png
0,0.88,False,/mnt/local/fiachra/meteor_images/files/20220711_pngs/0/FF_NL0009_20211107_200920_608_0310272_2.png
0,0.53,False,/mnt/local/fiachra/meteor_images/files/20220711_pngs/0/FF_NL0009_20211121_172009_066_0083456_1.png
0,0.58,False,/mnt/local/fiachra/meteor_images/files/20220711_pngs/0/FF_NL0009_20211121_172253_123_0087552_1.png
0,0.67,False,/mnt/local/fiachra/meteor_images/files/20220711_pngs/0/FF_NL0009_20211121_173715_551_0109056_1.png
0,0.58,False,/mnt/local/fiachra/meteor_images/files/20220711_pngs/0/FF_NL0009_20211121_181413_550_0164352_1.png
0,0.99,False,/mnt/local/fiachra/meteor_images/files/20220711_pngs/0/FF_NL0009_20211122_191609_333_0004608_1.png
0,1,False,/mnt/local/fiachra/meteor_images/files/20220711_pngs/0/FF_NL0009_20211122_192233_864_0006656_1.png
0,0.98,False,/mnt/local/fiachra/meteor_images/files/20220711_pngs/0/FF_NL0009_20211122_192324_875_0006912_1.png
0,0.52,False,/mnt/local/fiachra/meteor_images/files/20220711_pngs/0/FF_NL0009_20211122_192408_486_0007168_1.png
0,1,False,/mnt/local/fiachra/meteor_images/files/20220711_pngs/0/FF_NL0009_20211122_192408_486_0007168_2.png
0,0.97,False,/mnt/local/fiachra/meteor_images/files/20220711_pngs/0/FF_NL0009_20211122_195505_029_0013568_2.png
0,0.75,False,/mnt/local/fiachra/meteor_images/files/20220711_pngs/0/FF_NL0009_20211122_200713_540_0016896_1.png
0,0.97,False,/mnt/local/fiachra/meteor_images/files/20220711_pngs/0/FF_NL0009_20211122_201649_143_0018944_1.png
0,0.91,False,/mnt/local/fiachra/meteor_images/files/20220711_pngs/0/FF_NL0009_20211122_202442_297_0020224_1.png
0,0.93,False,/mnt/local/fiachra/meteor_images/files/20220711_pngs/0/FF_NL0009_20211122_203638_910_0024320_1.png
0,0.59,False,/mnt/local/fiachra/meteor_images/files/20220711_pngs/0/FF_NL0009_20211122_204026_380_0025088_1.png
0,0.57,False,/mnt/local/fiachra/meteor_images/files/20220711_pngs/0/FF_NL0009_20211122_204145_867_0025344_4.png
0,0.94,False,/mnt/local/fiachra/meteor_images/files/20220711_pngs/0/FF_NL0009_20211122_204956_536_0028416_1.png
0,0.7,False,/mnt/local/fiachra/meteor_images/files/20220711_pngs/0/FF_NL0009_20211122_205458_663_0029696_3.png
0,0.74,False,/mnt/local/fiachra/meteor_images/files/20220711_pngs/0/FF_NL0009_20211122_210431_063_0031488_1.png
0,0.94,False,/mnt/local/fiachra/meteor_images/files/20220711_pngs/0/FF_NL0009_20211122_214620_612_0042240_1.png
0,0.95,False,/mnt/local/fiachra/meteor_images/files/20220711_pngs/0/FF_NL0009_20211122_214750_433_0042496_1.png
0,0.64,False,/mnt/local/fiachra/meteor_images/files/20220711_pngs/0/FF_NL0009_20211122_214750_433_0042496_2.png
0,0.91,False,/mnt/local/fiachra/meteor_images/files/20220711_pngs/0/FF_NL0009_20211122_221429_446_0048128_1.png
0,0.54,False,/mnt/local/fiachra/meteor_images/files/20220711_pngs/0/FF_NL0009_20211122_221533_526_0048640_1.png
0,0.86,False,/mnt/local/fiachra/meteor_images/files/20220711_pngs/0/FF_NL0009_20211123_023358_685_0198400_1.png
0,0.71,False,/mnt/local/fiachra/meteor_images/files/20220711_pngs/0/FF_SK0002_20211217_025101_284_1017856_2.png
0,0.8,False,/mnt/local/fiachra/meteor_images/files/20220711_pngs/0/FF_SK0002_20211217_031435_471_1053184_1.png
0,1,False,/mnt/local/fiachra/meteor_images/files/20220711_pngs/0/FF_UK0006_20210104_041355_027_1022464_1.png
0,0.71,False,/mnt/local/fiachra/meteor_images/files/20220711_pngs/0/FF_UK0006_20210125_210326_759_0334336_1.png
0,0.93,False,/mnt/local/fiachra/meteor_images/files/20220711_pngs/0/FF_UK0006_20210203_181919_627_0067328_13.png
0,0.62,False,/mnt/local/fiachra/meteor_images/files/20220711_pngs/0/FF_UK0006_20210208_205801_389_0292352_1.png
0,0.98,False,/mnt/local/fiachra/meteor_images/files/20220711_pngs/0/FF_UK0006_20210211_185159_920_0096256_1.png
0,1,False,/mnt/local/fiachra/meteor_images/files/20220711_pngs/0/FF_UK0006_20210222_191732_875_0103936_1.png
0,0.7,False,/mnt/local/fiachra/meteor_images/files/20220711_pngs/0/FF_UK0006_20210301_031557_268_0788992_1.png
0,1,False,/mnt/local/fiachra/meteor_images/files/20220711_pngs/0/FF_UK0006_20210323_202711_169_0130816_1.png
0,0.84,False,/mnt/local/fiachra/meteor_images/files/20220711_pngs/0/FF_UK0006_20210419_202938_987_0064512_9.png
0,0.92,False,/mnt/local/fiachra/meteor_images/files/20220711_pngs/0/FF_UK0006_20210527_002153_063_0312576_1.png
0,0.81,False,/mnt/local/fiachra/meteor_images/files/20220711_pngs/0/FF_UK000F_20210211_192148_775_0073728_1.png
0,0.55,False,/mnt/local/fiachra/meteor_images/files/20220711_pngs/0/FF_UK000F_20210225_190545_906_0070656_1.png
0,0.89,False,/mnt/local/fiachra/meteor_images/files/20220711_pngs/0/FF_UK000F_20210225_190545_906_0070656_8.png
0,0.84,False,/mnt/local/fiachra/meteor_images/files/20220711_pngs/0/FF_UK000F_20210312_052532_943_0820224_1.png
0,0.92,False,/mnt/local/fiachra/meteor_images/files/20220711_pngs/0/FF_UK000F_20210329_194332_540_0049664_1.png
0,0.99,False,/mnt/local/fiachra/meteor_images/files/20220711_pngs/0/FF_UK000F_20210530_233715_521_0174592_1.png
0,0.99,False,/mnt/local/fiachra/meteor_images/files/20220711_pngs/0/FF_UK000F_20210531_020043_441_0379904_1.png
0,0.73,False,/mnt/local/fiachra/meteor_images/files/20220711_pngs/0/FF_UK000F_20210612_232753_414_0201472_1.png
0,0.63,False,/mnt/local/fiachra/meteor_images/files/20220711_pngs/0/FF_UK001L_20210329_194012_035_0048640_1.png
0,0.64,False,/mnt/local/fiachra/meteor_images/files/20220711_pngs/0/FF_UK001L_20210329_194417_994_0054784_1.png
0,0.63,False,/mnt/local/fiachra/meteor_images/files/20220711_pngs/0/FF_UK001L_20210329_202618_985_0117760_1.png
0,0.91,False,/mnt/local/fiachra/meteor_images/files/20220711_pngs/0/FF_UK001L_20210330_014010_429_0585216_2.png
0,0.82,False,/mnt/local/fiachra/meteor_images/files/20220711_pngs/0/FF_UK001L_20210405_230444_005_0334080_2.png
0,0.98,False,/mnt/local/fiachra/meteor_images/files/20220711_pngs/0/FF_UK001L_20210405_230444_005_0334080_3.png
0,0.95,False,/mnt/local/fiachra/meteor_images/files/20220711_pngs/0/FF_UK001L_20210405_230454_236_0334336_1.png
0,0.65,False,/mnt/local/fiachra/meteor_images/files/20220711_pngs/0/FF_UK001L_20210405_230504_489_0334592_1.png
0,0.86,False,/mnt/local/fiachra/meteor_images/files/20220711_pngs/0/FF_UK001L_20210407_214825_055_0215040_1.png
0,1,False,/mnt/local/fiachra/meteor_images/files/20220711_pngs/0/FF_UK002F_20210604_222137_133_0089344_1.png
0,0.97,False,/mnt/local/fiachra/meteor_images/files/20220711_pngs/0/FF_UK002F_20210604_223411_654_0105728_1.png
0,0.52,False,/mnt/local/fiachra/meteor_images/files/20220711_pngs/0/FF_US0002_20201026_030809_203_0215296_1.png
0,0.81,False,/mnt/local/fiachra/meteor_images/files/20220711_pngs/0/FF_US0002_20201026_032321_249_0238080_1.png
0,0.98,False,/mnt/local/fiachra/meteor_images/files/20220711_pngs/0/FF_US0002_20201026_072644_210_0602880_2.png
