Label,Prediction,True Prediction,File Name
0,0.53,False,/mnt/local/fiachra/meteor_images/files/20220121_pngs/0/FF_BE0002_20210113_015706_473_0835840_1.png
0,0.75,False,/mnt/local/fiachra/meteor_images/files/20220121_pngs/0/FF_BE0002_20210120_233649_959_0609024_1.png
0,0.49,False,/mnt/local/fiachra/meteor_images/files/20220121_pngs/0/FF_BE0002_20210121_051957_897_1122304_1.png
0,0.86,False,/mnt/local/fiachra/meteor_images/files/20220121_pngs/0/FF_BE0003_20210121_011349_687_0760064_2.png
0,0.52,False,/mnt/local/fiachra/meteor_images/files/20220121_pngs/0/FF_BE0004_20210120_220608_895_0474112_1.png
0,0.79,False,/mnt/local/fiachra/meteor_images/files/20220121_pngs/0/FF_BE0004_20210120_233719_790_0610816_1.png
0,0.79,False,/mnt/local/fiachra/meteor_images/files/20220121_pngs/0/FF_BE0004_20210120_234013_863_0615168_1.png
0,0.68,False,/mnt/local/fiachra/meteor_images/files/20220121_pngs/0/FF_BE0004_20210120_235427_858_0636416_1.png
0,0.81,False,/mnt/local/fiachra/meteor_images/files/20220121_pngs/0/FF_HR000Y_20200625_215910_996_0246784_10.png
0,0.71,False,/mnt/local/fiachra/meteor_images/files/20220121_pngs/0/FF_HR000Y_20200625_221227_421_0266496_1.png
0,0.47,False,/mnt/local/fiachra/meteor_images/files/20220121_pngs/0/FF_HR000Y_20200625_221847_835_0275968_1.png
0,0.86,False,/mnt/local/fiachra/meteor_images/files/20220121_pngs/0/FF_HR000Y_20200625_222722_840_0288768_1.png
0,0.57,False,/mnt/local/fiachra/meteor_images/files/20220121_pngs/0/FF_HR000Y_20200625_223118_841_0294656_1.png
0,0.51,False,/mnt/local/fiachra/meteor_images/files/20220121_pngs/0/FF_HR000Y_20200625_223231_086_0296448_2.png
0,0.68,False,/mnt/local/fiachra/meteor_images/files/20220121_pngs/0/FF_HR000Y_20200625_223231_086_0296448_7.png
0,0.8,False,/mnt/local/fiachra/meteor_images/files/20220121_pngs/0/FF_HR000Y_20200625_223301_812_0297216_1.png
0,0.74,False,/mnt/local/fiachra/meteor_images/files/20220121_pngs/0/FF_HR000Y_20200625_223301_812_0297216_5.png
0,0.73,False,/mnt/local/fiachra/meteor_images/files/20220121_pngs/0/FF_HR000Y_20200625_223332_522_0297984_1.png
0,0.89,False,/mnt/local/fiachra/meteor_images/files/20220121_pngs/0/FF_HR000Y_20200625_223332_522_0297984_3.png
0,0.49,False,/mnt/local/fiachra/meteor_images/files/20220121_pngs/0/FF_HR000Y_20200625_223353_000_0298496_1.png
0,0.73,False,/mnt/local/fiachra/meteor_images/files/20220121_pngs/0/FF_HR000Y_20200625_223403_242_0298752_3.png
0,0.51,False,/mnt/local/fiachra/meteor_images/files/20220121_pngs/0/FF_HR000Y_20200625_223403_242_0298752_6.png
0,0.73,False,/mnt/local/fiachra/meteor_images/files/20220121_pngs/0/FF_HR000Y_20200625_223454_442_0300032_5.png
0,0.49,False,/mnt/local/fiachra/meteor_images/files/20220121_pngs/0/FF_HR000Y_20200625_223454_442_0300032_7.png
0,0.74,False,/mnt/local/fiachra/meteor_images/files/20220121_pngs/0/FF_HR000Y_20200625_223556_690_0301568_1.png
0,0.49,False,/mnt/local/fiachra/meteor_images/files/20220121_pngs/0/FF_HR000Y_20200625_223617_170_0302080_3.png
0,0.69,False,/mnt/local/fiachra/meteor_images/files/20220121_pngs/0/FF_HR000Y_20200625_223637_656_0302592_2.png
0,0.64,False,/mnt/local/fiachra/meteor_images/files/20220121_pngs/0/FF_HR000Y_20200625_223637_656_0302592_3.png
0,0.7,False,/mnt/local/fiachra/meteor_images/files/20220121_pngs/0/FF_HR000Y_20200625_223708_358_0303360_2.png
0,0.61,False,/mnt/local/fiachra/meteor_images/files/20220121_pngs/0/FF_HR000Y_20200625_223708_358_0303360_3.png
0,0.62,False,/mnt/local/fiachra/meteor_images/files/20220121_pngs/0/FF_HR000Y_20200625_223749_324_0304384_1.png
0,0.5,False,/mnt/local/fiachra/meteor_images/files/20220121_pngs/0/FF_HR000Y_20200625_223809_799_0304896_1.png
0,0.76,False,/mnt/local/fiachra/meteor_images/files/20220121_pngs/0/FF_HR000Y_20200625_223820_043_0305152_1.png
0,0.71,False,/mnt/local/fiachra/meteor_images/files/20220121_pngs/0/FF_HR000Y_20200625_224023_321_0308224_2.png
0,0.56,False,/mnt/local/fiachra/meteor_images/files/20220121_pngs/0/FF_HR000Y_20200625_224023_321_0308224_3.png
0,0.62,False,/mnt/local/fiachra/meteor_images/files/20220121_pngs/0/FF_HR000Y_20200625_224023_321_0308224_5.png
0,0.89,False,/mnt/local/fiachra/meteor_images/files/20220121_pngs/0/FF_HR000Y_20200625_224114_518_0309504_1.png
0,0.76,False,/mnt/local/fiachra/meteor_images/files/20220121_pngs/0/FF_HR000Y_20200625_224247_062_0311808_1.png
0,0.64,False,/mnt/local/fiachra/meteor_images/files/20220121_pngs/0/FF_HR000Y_20200625_224257_285_0312064_6.png
0,0.68,False,/mnt/local/fiachra/meteor_images/files/20220121_pngs/0/FF_HR000Y_20200625_224358_722_0313600_1.png
0,0.49,False,/mnt/local/fiachra/meteor_images/files/20220121_pngs/0/FF_HR000Y_20200625_224856_046_0321024_2.png
0,0.68,False,/mnt/local/fiachra/meteor_images/files/20220121_pngs/0/FF_HR000Y_20200625_224856_046_0321024_4.png
0,0.52,False,/mnt/local/fiachra/meteor_images/files/20220121_pngs/0/FF_HR000Y_20200625_224916_533_0321536_1.png
0,0.87,False,/mnt/local/fiachra/meteor_images/files/20220121_pngs/0/FF_HR000Y_20200625_225423_728_0329216_2.png
0,0.77,False,/mnt/local/fiachra/meteor_images/files/20220121_pngs/0/FF_HR000Y_20200625_225433_968_0329472_1.png
0,0.73,False,/mnt/local/fiachra/meteor_images/files/20220121_pngs/0/FF_HR000Y_20200625_225608_332_0331776_1.png
0,0.92,False,/mnt/local/fiachra/meteor_images/files/20220121_pngs/0/FF_HR000Y_20200625_230115_525_0339456_7.png
0,0.48,False,/mnt/local/fiachra/meteor_images/files/20220121_pngs/0/FF_HR000Y_20200625_230156_490_0340480_2.png
0,0.54,False,/mnt/local/fiachra/meteor_images/files/20220121_pngs/0/FF_HR000Y_20200625_230247_684_0341760_6.png
0,0.57,False,/mnt/local/fiachra/meteor_images/files/20220121_pngs/0/FF_HR000Y_20200625_230521_292_0345600_1.png
0,0.77,False,/mnt/local/fiachra/meteor_images/files/20220121_pngs/0/FF_HR000Y_20200625_230541_767_0346112_2.png
0,0.67,False,/mnt/local/fiachra/meteor_images/files/20220121_pngs/0/FF_HR000Y_20200625_230622_723_0347136_1.png
0,0.69,False,/mnt/local/fiachra/meteor_images/files/20220121_pngs/0/FF_HR000Y_20200625_230724_163_0348672_1.png
0,0.46,False,/mnt/local/fiachra/meteor_images/files/20220121_pngs/0/FF_HR000Y_20200625_230734_403_0348928_1.png
0,0.68,False,/mnt/local/fiachra/meteor_images/files/20220121_pngs/0/FF_HR000Y_20200625_230805_129_0349696_2.png
0,0.91,False,/mnt/local/fiachra/meteor_images/files/20220121_pngs/0/FF_HR000Y_20200625_230815_371_0349952_1.png
0,0.65,False,/mnt/local/fiachra/meteor_images/files/20220121_pngs/0/FF_HR000Y_20200625_230815_371_0349952_7.png
0,0.95,False,/mnt/local/fiachra/meteor_images/files/20220121_pngs/0/FF_HR000Y_20200625_230856_323_0350976_1.png
0,0.66,False,/mnt/local/fiachra/meteor_images/files/20220121_pngs/0/FF_HR000Y_20200625_230906_578_0351232_3.png
0,0.77,False,/mnt/local/fiachra/meteor_images/files/20220121_pngs/0/FF_HR000Y_20200625_230916_817_0351488_1.png
0,0.57,False,/mnt/local/fiachra/meteor_images/files/20220121_pngs/0/FF_HR000Y_20200625_231048_963_0353792_2.png
0,0.51,False,/mnt/local/fiachra/meteor_images/files/20220121_pngs/0/FF_HR000Y_20200625_231129_919_0354816_2.png
0,0.47,False,/mnt/local/fiachra/meteor_images/files/20220121_pngs/0/FF_HR000Y_20200625_231129_919_0354816_3.png
0,0.57,False,/mnt/local/fiachra/meteor_images/files/20220121_pngs/0/FF_HR000Y_20200625_231140_163_0355072_4.png
0,0.72,False,/mnt/local/fiachra/meteor_images/files/20220121_pngs/0/FF_HR000Y_20200625_231150_407_0355328_4.png
0,0.58,False,/mnt/local/fiachra/meteor_images/files/20220121_pngs/0/FF_HR000Y_20200625_231150_407_0355328_9.png
0,0.56,False,/mnt/local/fiachra/meteor_images/files/20220121_pngs/0/FF_HR000Y_20200625_231231_360_0356352_1.png
0,0.46,False,/mnt/local/fiachra/meteor_images/files/20220121_pngs/0/FF_HR000Y_20200625_231231_360_0356352_2.png
0,0.64,False,/mnt/local/fiachra/meteor_images/files/20220121_pngs/0/FF_HR000Y_20200625_231241_600_0356608_3.png
0,0.54,False,/mnt/local/fiachra/meteor_images/files/20220121_pngs/0/FF_HR000Y_20200625_231241_600_0356608_7.png
0,0.68,False,/mnt/local/fiachra/meteor_images/files/20220121_pngs/0/FF_HR000Y_20200625_231251_846_0356864_1.png
0,0.56,False,/mnt/local/fiachra/meteor_images/files/20220121_pngs/0/FF_HR000Y_20200625_231424_001_0359168_1.png
0,0.49,False,/mnt/local/fiachra/meteor_images/files/20220121_pngs/0/FF_HR000Y_20200625_231658_683_0363008_1.png
0,0.61,False,/mnt/local/fiachra/meteor_images/files/20220121_pngs/0/FF_HR000Y_20200625_231810_362_0364800_2.png
0,0.81,False,/mnt/local/fiachra/meteor_images/files/20220121_pngs/0/FF_HR000Y_20200625_231901_564_0366080_4.png
0,0.67,False,/mnt/local/fiachra/meteor_images/files/20220121_pngs/0/FF_HR000Y_20200625_231923_571_0366592_10.png
0,0.66,False,/mnt/local/fiachra/meteor_images/files/20220121_pngs/0/FF_HR000Y_20200625_231923_571_0366592_9.png
0,0.67,False,/mnt/local/fiachra/meteor_images/files/20220121_pngs/0/FF_HR000Y_20200625_232055_722_0368896_1.png
0,0.59,False,/mnt/local/fiachra/meteor_images/files/20220121_pngs/0/FF_HR000Y_20200625_232116_205_0369408_1.png
0,0.47,False,/mnt/local/fiachra/meteor_images/files/20220121_pngs/0/FF_HR000Y_20200625_232116_205_0369408_2.png
0,0.68,False,/mnt/local/fiachra/meteor_images/files/20220121_pngs/0/FF_HR000Y_20200625_232116_205_0369408_3.png
0,0.7,False,/mnt/local/fiachra/meteor_images/files/20220121_pngs/0/FF_HR000Y_20200625_232116_205_0369408_4.png
0,0.47,False,/mnt/local/fiachra/meteor_images/files/20220121_pngs/0/FF_HR000Y_20200625_232157_162_0370432_1.png
0,0.54,False,/mnt/local/fiachra/meteor_images/files/20220121_pngs/0/FF_HR000Y_20200625_232238_118_0371456_2.png
0,0.64,False,/mnt/local/fiachra/meteor_images/files/20220121_pngs/0/FF_HR000Y_20200625_232248_361_0371712_1.png
0,0.8,False,/mnt/local/fiachra/meteor_images/files/20220121_pngs/0/FF_HR000Y_20200625_232248_361_0371712_10.png
0,0.5,False,/mnt/local/fiachra/meteor_images/files/20220121_pngs/0/FF_HR000Y_20200625_232248_361_0371712_3.png
0,0.67,False,/mnt/local/fiachra/meteor_images/files/20220121_pngs/0/FF_HR000Y_20200625_232248_361_0371712_9.png
0,0.73,False,/mnt/local/fiachra/meteor_images/files/20220121_pngs/0/FF_HR000Y_20200625_232329_319_0372736_4.png
0,0.62,False,/mnt/local/fiachra/meteor_images/files/20220121_pngs/0/FF_HR000Y_20200625_232420_524_0374016_2.png
0,0.7,False,/mnt/local/fiachra/meteor_images/files/20220121_pngs/0/FF_HR000Y_20200625_232513_078_0375296_1.png
0,0.7,False,/mnt/local/fiachra/meteor_images/files/20220121_pngs/0/FF_HR000Y_20200625_232523_321_0375552_1.png
0,0.76,False,/mnt/local/fiachra/meteor_images/files/20220121_pngs/0/FF_HR000Y_20200625_232533_558_0375808_1.png
0,0.87,False,/mnt/local/fiachra/meteor_images/files/20220121_pngs/0/FF_HR000Y_20200625_232533_558_0375808_2.png
0,0.61,False,/mnt/local/fiachra/meteor_images/files/20220121_pngs/0/FF_HR000Y_20200625_232533_558_0375808_5.png
0,0.66,False,/mnt/local/fiachra/meteor_images/files/20220121_pngs/0/FF_HR000Y_20200625_232533_558_0375808_6.png
0,0.58,False,/mnt/local/fiachra/meteor_images/files/20220121_pngs/0/FF_HR000Y_20200625_232554_043_0376320_3.png
0,0.69,False,/mnt/local/fiachra/meteor_images/files/20220121_pngs/0/FF_HR000Y_20200625_232624_764_0377088_1.png
0,0.64,False,/mnt/local/fiachra/meteor_images/files/20220121_pngs/0/FF_HR000Y_20200625_232705_717_0378112_4.png
0,0.7,False,/mnt/local/fiachra/meteor_images/files/20220121_pngs/0/FF_HR000Y_20200625_232746_678_0379136_1.png
0,0.85,False,/mnt/local/fiachra/meteor_images/files/20220121_pngs/0/FF_HR000Y_20200625_232817_398_0379904_1.png
0,0.94,False,/mnt/local/fiachra/meteor_images/files/20220121_pngs/0/FF_HR000Y_20200625_232858_359_0380928_1.png
0,0.69,False,/mnt/local/fiachra/meteor_images/files/20220121_pngs/0/FF_HR000Y_20200625_232918_841_0381440_2.png
0,0.71,False,/mnt/local/fiachra/meteor_images/files/20220121_pngs/0/FF_HR000Y_20200625_232959_803_0382464_1.png
0,0.5,False,/mnt/local/fiachra/meteor_images/files/20220121_pngs/0/FF_HR000Y_20200625_233121_727_0384512_3.png
0,0.47,False,/mnt/local/fiachra/meteor_images/files/20220121_pngs/0/FF_HR000Y_20200625_233212_930_0385792_1.png
0,0.83,False,/mnt/local/fiachra/meteor_images/files/20220121_pngs/0/FF_HR000Y_20200625_233405_567_0388608_1.png
0,0.86,False,/mnt/local/fiachra/meteor_images/files/20220121_pngs/0/FF_HR000Y_20200625_233446_516_0389632_1.png
0,0.78,False,/mnt/local/fiachra/meteor_images/files/20220121_pngs/0/FF_HR000Y_20200625_233456_789_0389888_2.png
0,0.85,False,/mnt/local/fiachra/meteor_images/files/20220121_pngs/0/FF_HR000Y_20200625_233506_998_0390144_1.png
0,0.53,False,/mnt/local/fiachra/meteor_images/files/20220121_pngs/0/FF_HR000Y_20200625_233548_160_0391168_1.png
0,0.74,False,/mnt/local/fiachra/meteor_images/files/20220121_pngs/0/FF_HR000Y_20200625_233558_398_0391424_1.png
0,0.84,False,/mnt/local/fiachra/meteor_images/files/20220121_pngs/0/FF_HR000Y_20200625_233659_835_0392960_3.png
0,0.55,False,/mnt/local/fiachra/meteor_images/files/20220121_pngs/0/FF_HR000Y_20200625_233710_099_0393216_2.png
0,0.68,False,/mnt/local/fiachra/meteor_images/files/20220121_pngs/0/FF_HR000Y_20200625_233720_321_0393472_1.png
0,0.56,False,/mnt/local/fiachra/meteor_images/files/20220121_pngs/0/FF_HR000Y_20200625_233730_560_0393728_1.png
0,0.84,False,/mnt/local/fiachra/meteor_images/files/20220121_pngs/0/FF_HR000Y_20200625_233902_720_0396032_1.png
0,0.46,False,/mnt/local/fiachra/meteor_images/files/20220121_pngs/0/FF_HR000Y_20200625_233944_164_0397056_1.png
0,0.69,False,/mnt/local/fiachra/meteor_images/files/20220121_pngs/0/FF_HR000Y_20200625_233944_164_0397056_2.png
0,0.65,False,/mnt/local/fiachra/meteor_images/files/20220121_pngs/0/FF_HR000Y_20200625_234004_878_0397568_4.png
0,0.55,False,/mnt/local/fiachra/meteor_images/files/20220121_pngs/0/FF_HR000Y_20200625_234238_597_0401408_1.png
0,0.93,False,/mnt/local/fiachra/meteor_images/files/20220121_pngs/0/FF_HR000Y_20200625_234238_597_0401408_7.png
0,0.51,False,/mnt/local/fiachra/meteor_images/files/20220121_pngs/0/FF_HR000Y_20200625_234259_081_0401920_2.png
0,0.53,False,/mnt/local/fiachra/meteor_images/files/20220121_pngs/0/FF_HR000Y_20200625_234410_760_0403712_3.png
0,0.58,False,/mnt/local/fiachra/meteor_images/files/20220121_pngs/0/FF_HR000Y_20200625_234410_760_0403712_4.png
0,0.49,False,/mnt/local/fiachra/meteor_images/files/20220121_pngs/0/FF_HR000Y_20200625_234512_199_0405248_1.png
0,0.53,False,/mnt/local/fiachra/meteor_images/files/20220121_pngs/0/FF_HR000Y_20200625_234512_199_0405248_3.png
0,0.56,False,/mnt/local/fiachra/meteor_images/files/20220121_pngs/0/FF_HR000Y_20200625_234553_157_0406272_2.png
0,0.53,False,/mnt/local/fiachra/meteor_images/files/20220121_pngs/0/FF_HR000Y_20200625_234644_350_0407552_1.png
0,0.68,False,/mnt/local/fiachra/meteor_images/files/20220121_pngs/0/FF_HR000Y_20200625_234747_627_0409088_8.png
0,0.86,False,/mnt/local/fiachra/meteor_images/files/20220121_pngs/0/FF_HR000Y_20200625_234757_867_0409344_2.png
0,0.56,False,/mnt/local/fiachra/meteor_images/files/20220121_pngs/0/FF_HR000Y_20200625_234818_349_0409856_1.png
0,0.82,False,/mnt/local/fiachra/meteor_images/files/20220121_pngs/0/FF_HR000Y_20200625_234818_349_0409856_4.png
0,0.47,False,/mnt/local/fiachra/meteor_images/files/20220121_pngs/0/FF_HR000Y_20200625_234849_068_0410624_1.png
0,0.82,False,/mnt/local/fiachra/meteor_images/files/20220121_pngs/0/FF_HR000Y_20200625_234849_068_0410624_2.png
0,0.7,False,/mnt/local/fiachra/meteor_images/files/20220121_pngs/0/FF_HR000Y_20200625_234909_547_0411136_1.png
0,0.56,False,/mnt/local/fiachra/meteor_images/files/20220121_pngs/0/FF_HR000Y_20200625_234930_041_0411648_1.png
0,0.65,False,/mnt/local/fiachra/meteor_images/files/20220121_pngs/0/FF_HR000Y_20200625_234930_041_0411648_2.png
0,0.57,False,/mnt/local/fiachra/meteor_images/files/20220121_pngs/0/FF_HR000Y_20200625_234950_503_0412160_1.png
0,0.79,False,/mnt/local/fiachra/meteor_images/files/20220121_pngs/0/FF_HR000Y_20200625_235000_757_0412416_2.png
0,0.9,False,/mnt/local/fiachra/meteor_images/files/20220121_pngs/0/FF_HR000Y_20200625_235010_993_0412672_1.png
0,0.74,False,/mnt/local/fiachra/meteor_images/files/20220121_pngs/0/FF_HR000Y_20200625_235132_906_0414720_1.png
0,0.64,False,/mnt/local/fiachra/meteor_images/files/20220121_pngs/0/FF_HR000Y_20200625_235234_349_0416256_2.png
0,0.72,False,/mnt/local/fiachra/meteor_images/files/20220121_pngs/0/FF_HR000Y_20200625_235234_349_0416256_3.png
0,0.54,False,/mnt/local/fiachra/meteor_images/files/20220121_pngs/0/FF_HR000Y_20200625_235335_784_0417792_3.png
0,0.91,False,/mnt/local/fiachra/meteor_images/files/20220121_pngs/0/FF_HR000Y_20200625_235519_145_0420352_1.png
0,0.62,False,/mnt/local/fiachra/meteor_images/files/20220121_pngs/0/FF_HR000Y_20200625_235559_147_0421376_1.png
0,0.89,False,/mnt/local/fiachra/meteor_images/files/20220121_pngs/0/FF_HR000Y_20200625_235609_403_0421632_1.png
0,0.56,False,/mnt/local/fiachra/meteor_images/files/20220121_pngs/0/FF_HR000Y_20200625_235619_632_0421888_3.png
0,0.54,False,/mnt/local/fiachra/meteor_images/files/20220121_pngs/0/FF_HR000Y_20200625_235640_104_0422400_1.png
0,0.47,False,/mnt/local/fiachra/meteor_images/files/20220121_pngs/0/FF_HR000Y_20200625_235640_104_0422400_3.png
0,0.73,False,/mnt/local/fiachra/meteor_images/files/20220121_pngs/0/FF_HR000Y_20200625_235650_348_0422656_1.png
0,0.56,False,/mnt/local/fiachra/meteor_images/files/20220121_pngs/0/FF_HR000Y_20200625_235802_029_0424448_1.png
0,0.75,False,/mnt/local/fiachra/meteor_images/files/20220121_pngs/0/FF_HR000Y_20200625_235802_029_0424448_3.png
0,0.49,False,/mnt/local/fiachra/meteor_images/files/20220121_pngs/0/FF_HR000Y_20200625_235903_703_0425984_1.png
0,0.55,False,/mnt/local/fiachra/meteor_images/files/20220121_pngs/0/FF_HR000Y_20200625_235903_703_0425984_3.png
0,0.86,False,/mnt/local/fiachra/meteor_images/files/20220121_pngs/0/FF_HR000Y_20200626_000025_634_0428032_1.png
0,0.88,False,/mnt/local/fiachra/meteor_images/files/20220121_pngs/0/FF_HR000Y_20200626_000035_866_0428288_4.png
0,0.59,False,/mnt/local/fiachra/meteor_images/files/20220121_pngs/0/FF_HR000Y_20200626_000035_866_0428288_6.png
0,0.8,False,/mnt/local/fiachra/meteor_images/files/20220121_pngs/0/FF_HR000Y_20200626_000323_488_0432384_3.png
0,0.61,False,/mnt/local/fiachra/meteor_images/files/20220121_pngs/0/FF_HR000Y_20200626_000414_663_0433664_1.png
0,0.65,False,/mnt/local/fiachra/meteor_images/files/20220121_pngs/0/FF_HR000Y_20200626_000414_663_0433664_3.png
0,0.65,False,/mnt/local/fiachra/meteor_images/files/20220121_pngs/0/FF_HR000Y_20200626_000820_791_0439808_8.png
0,0.49,False,/mnt/local/fiachra/meteor_images/files/20220121_pngs/0/FF_HR000Y_20200626_000932_477_0441600_4.png
0,0.68,False,/mnt/local/fiachra/meteor_images/files/20220121_pngs/0/FF_HR000Y_20200626_001033_948_0443136_1.png
0,0.83,False,/mnt/local/fiachra/meteor_images/files/20220121_pngs/0/FF_HR000Y_20200626_001033_948_0443136_2.png
0,0.71,False,/mnt/local/fiachra/meteor_images/files/20220121_pngs/0/FF_HR000Y_20200626_001054_390_0443648_1.png
0,0.53,False,/mnt/local/fiachra/meteor_images/files/20220121_pngs/0/FF_HR000Y_20200626_001612_189_0451584_1.png
0,0.64,False,/mnt/local/fiachra/meteor_images/files/20220121_pngs/0/FF_HR000Y_20200626_001632_677_0452096_2.png
0,0.81,False,/mnt/local/fiachra/meteor_images/files/20220121_pngs/0/FF_HR000Y_20200626_001835_550_0455168_1.png
0,0.57,False,/mnt/local/fiachra/meteor_images/files/20220121_pngs/0/FF_HR000Y_20200626_002007_713_0457472_1.png
0,0.72,False,/mnt/local/fiachra/meteor_images/files/20220121_pngs/0/FF_HR000Y_20200626_002038_434_0458240_1.png
0,0.53,False,/mnt/local/fiachra/meteor_images/files/20220121_pngs/0/FF_HR000Y_20200626_002038_434_0458240_2.png
0,0.52,False,/mnt/local/fiachra/meteor_images/files/20220121_pngs/0/FF_HR000Y_20200626_002129_630_0459520_1.png
0,0.62,False,/mnt/local/fiachra/meteor_images/files/20220121_pngs/0/FF_HR000Y_20200626_002221_072_0460800_2.png
0,0.64,False,/mnt/local/fiachra/meteor_images/files/20220121_pngs/0/FF_HR000Y_20200626_002251_796_0461568_1.png
0,0.7,False,/mnt/local/fiachra/meteor_images/files/20220121_pngs/0/FF_HR000Y_20200626_002353_234_0463104_1.png
0,0.59,False,/mnt/local/fiachra/meteor_images/files/20220121_pngs/0/FF_HR000Y_20200626_002413_710_0463616_1.png
0,0.71,False,/mnt/local/fiachra/meteor_images/files/20220121_pngs/0/FF_HR000Y_20200626_002413_710_0463616_2.png
0,0.65,False,/mnt/local/fiachra/meteor_images/files/20220121_pngs/0/FF_HR000Y_20200626_002423_949_0463872_1.png
0,0.47,False,/mnt/local/fiachra/meteor_images/files/20220121_pngs/0/FF_HR000Y_20200626_002545_872_0465920_1.png
0,0.79,False,/mnt/local/fiachra/meteor_images/files/20220121_pngs/0/FF_HR000Y_20200626_002545_872_0465920_3.png
0,0.69,False,/mnt/local/fiachra/meteor_images/files/20220121_pngs/0/FF_HR000Y_20200626_002556_113_0466176_1.png
0,0.66,False,/mnt/local/fiachra/meteor_images/files/20220121_pngs/0/FF_HR000Y_20200626_002739_367_0468736_9.png
0,0.82,False,/mnt/local/fiachra/meteor_images/files/20220121_pngs/0/FF_HR000Y_20200626_002749_587_0468992_1.png
0,0.72,False,/mnt/local/fiachra/meteor_images/files/20220121_pngs/0/FF_HR000Y_20200626_002810_070_0469504_4.png
0,0.62,False,/mnt/local/fiachra/meteor_images/files/20220121_pngs/0/FF_HR000Y_20200626_003157_071_0475136_1.png
0,0.82,False,/mnt/local/fiachra/meteor_images/files/20220121_pngs/0/FF_HR000Y_20200626_003227_796_0475904_1.png
0,0.68,False,/mnt/local/fiachra/meteor_images/files/20220121_pngs/0/FF_HR000Y_20200626_003308_756_0476928_1.png
0,0.55,False,/mnt/local/fiachra/meteor_images/files/20220121_pngs/0/FF_HR000Y_20200626_003308_756_0476928_2.png
0,0.77,False,/mnt/local/fiachra/meteor_images/files/20220121_pngs/0/FF_HR000Y_20200626_003430_672_0478976_1.png
0,0.93,False,/mnt/local/fiachra/meteor_images/files/20220121_pngs/0/FF_HR000Y_20200626_003501_393_0479744_1.png
0,0.61,False,/mnt/local/fiachra/meteor_images/files/20220121_pngs/0/FF_HR000Y_20200626_003837_753_0485120_4.png
0,0.51,False,/mnt/local/fiachra/meteor_images/files/20220121_pngs/0/FF_HR000Y_20200626_003858_228_0485632_1.png
0,0.58,False,/mnt/local/fiachra/meteor_images/files/20220121_pngs/0/FF_HR000Y_20200626_003858_228_0485632_2.png
0,0.58,False,/mnt/local/fiachra/meteor_images/files/20220121_pngs/0/FF_HR000Y_20200626_003918_707_0486144_1.png
0,0.72,False,/mnt/local/fiachra/meteor_images/files/20220121_pngs/0/FF_HR000Y_20200626_004020_151_0487680_1.png
0,0.66,False,/mnt/local/fiachra/meteor_images/files/20220121_pngs/0/FF_HR000Y_20200626_004111_716_0488960_1.png
0,0.78,False,/mnt/local/fiachra/meteor_images/files/20220121_pngs/0/FF_HR000Y_20200626_004121_967_0489216_1.png
0,0.66,False,/mnt/local/fiachra/meteor_images/files/20220121_pngs/0/FF_HR000Y_20200626_004223_384_0490752_9.png
0,0.66,False,/mnt/local/fiachra/meteor_images/files/20220121_pngs/0/FF_HR000Y_20200626_004233_627_0491008_2.png
0,0.61,False,/mnt/local/fiachra/meteor_images/files/20220121_pngs/0/FF_HR000Y_20200626_004233_627_0491008_3.png
0,0.84,False,/mnt/local/fiachra/meteor_images/files/20220121_pngs/0/FF_HR000Y_20200626_004314_602_0492032_1.png
0,0.7,False,/mnt/local/fiachra/meteor_images/files/20220121_pngs/0/FF_HR000Y_20200626_004426_875_0493824_1.png
0,0.61,False,/mnt/local/fiachra/meteor_images/files/20220121_pngs/0/FF_HR000Y_20200626_004426_875_0493824_2.png
0,0.68,False,/mnt/local/fiachra/meteor_images/files/20220121_pngs/0/FF_HR000Y_20200626_004437_112_0494080_2.png
0,0.49,False,/mnt/local/fiachra/meteor_images/files/20220121_pngs/0/FF_HR000Y_20200626_004437_112_0494080_3.png
0,0.81,False,/mnt/local/fiachra/meteor_images/files/20220121_pngs/0/FF_HR000Y_20200626_004639_989_0497152_1.png
0,0.86,False,/mnt/local/fiachra/meteor_images/files/20220121_pngs/0/FF_HR000Y_20200626_004639_989_0497152_3.png
0,0.66,False,/mnt/local/fiachra/meteor_images/files/20220121_pngs/0/FF_HR000Y_20200626_004923_823_0501248_1.png
0,0.8,False,/mnt/local/fiachra/meteor_images/files/20220121_pngs/0/FF_HR000Y_20200626_004934_067_0501504_1.png
0,0.49,False,/mnt/local/fiachra/meteor_images/files/20220121_pngs/0/FF_HR000Y_20200626_005004_791_0502272_4.png
0,0.69,False,/mnt/local/fiachra/meteor_images/files/20220121_pngs/0/FF_HR000Y_20200626_005116_826_0504064_2.png
0,0.82,False,/mnt/local/fiachra/meteor_images/files/20220121_pngs/0/FF_HR000Y_20200626_005208_347_0505344_4.png
0,0.83,False,/mnt/local/fiachra/meteor_images/files/20220121_pngs/0/FF_HR000Y_20200626_005411_221_0508416_1.png
0,0.79,False,/mnt/local/fiachra/meteor_images/files/20220121_pngs/0/FF_HR000Y_20200626_005431_709_0508928_1.png
0,0.61,False,/mnt/local/fiachra/meteor_images/files/20220121_pngs/0/FF_HR000Y_20200626_005512_662_0509952_1.png
0,0.71,False,/mnt/local/fiachra/meteor_images/files/20220121_pngs/0/FF_HR000Y_20200626_005848_143_0515328_1.png
0,0.65,False,/mnt/local/fiachra/meteor_images/files/20220121_pngs/0/FF_HR000Y_20200626_005848_143_0515328_2.png
0,0.91,False,/mnt/local/fiachra/meteor_images/files/20220121_pngs/0/FF_HR000Y_20200626_005959_820_0517120_3.png
0,0.53,False,/mnt/local/fiachra/meteor_images/files/20220121_pngs/0/FF_HR000Y_20200626_010010_067_0517376_1.png
0,0.55,False,/mnt/local/fiachra/meteor_images/files/20220121_pngs/0/FF_HR000Y_20200626_010020_315_0517632_10.png
0,0.67,False,/mnt/local/fiachra/meteor_images/files/20220121_pngs/0/FF_HR000Y_20200626_010030_543_0517888_10.png
0,0.9,False,/mnt/local/fiachra/meteor_images/files/20220121_pngs/0/FF_HR000Y_20200626_010051_030_0518400_2.png
0,0.92,False,/mnt/local/fiachra/meteor_images/files/20220121_pngs/0/FF_HR000Y_20200626_010051_030_0518400_3.png
0,0.58,False,/mnt/local/fiachra/meteor_images/files/20220121_pngs/0/FF_HR000Y_20200626_010111_509_0518912_1.png
0,0.54,False,/mnt/local/fiachra/meteor_images/files/20220121_pngs/0/FF_HR000Y_20200626_010314_391_0521984_1.png
0,0.73,False,/mnt/local/fiachra/meteor_images/files/20220121_pngs/0/FF_HR000Y_20200626_010527_507_0525312_1.png
0,0.49,False,/mnt/local/fiachra/meteor_images/files/20220121_pngs/0/FF_HR000Y_20200626_010527_507_0525312_2.png
0,0.75,False,/mnt/local/fiachra/meteor_images/files/20220121_pngs/0/FF_HR000Y_20200626_010547_982_0525824_1.png
0,0.58,False,/mnt/local/fiachra/meteor_images/files/20220121_pngs/0/FF_HR000Y_20200626_010618_707_0526592_1.png
0,0.77,False,/mnt/local/fiachra/meteor_images/files/20220121_pngs/0/FF_HR000Y_20200626_010618_707_0526592_14.png
0,0.7,False,/mnt/local/fiachra/meteor_images/files/20220121_pngs/0/FF_HR000Y_20200626_010618_707_0526592_2.png
0,0.85,False,/mnt/local/fiachra/meteor_images/files/20220121_pngs/0/FF_HR000Y_20200626_010750_866_0528896_2.png
0,0.71,False,/mnt/local/fiachra/meteor_images/files/20220121_pngs/0/FF_HR000Y_20200626_011228_542_0535808_1.png
0,0.8,False,/mnt/local/fiachra/meteor_images/files/20220121_pngs/0/FF_HR000Y_20200626_011238_782_0536064_1.png
0,0.66,False,/mnt/local/fiachra/meteor_images/files/20220121_pngs/0/FF_HR000Y_20200626_011421_174_0538624_1.png
0,0.59,False,/mnt/local/fiachra/meteor_images/files/20220121_pngs/0/FF_HR000Y_20200626_011644_610_0542208_2.png
0,0.47,False,/mnt/local/fiachra/meteor_images/files/20220121_pngs/0/FF_HR000Y_20200626_012019_729_0547584_1.png
0,0.84,False,/mnt/local/fiachra/meteor_images/files/20220121_pngs/0/FF_HR000Y_20200626_012619_690_0556544_3.png
0,0.67,False,/mnt/local/fiachra/meteor_images/files/20220121_pngs/0/FF_HR000Y_20200626_012619_690_0556544_4.png
0,0.65,False,/mnt/local/fiachra/meteor_images/files/20220121_pngs/0/FF_HR000Y_20200626_012619_690_0556544_5.png
0,0.69,False,/mnt/local/fiachra/meteor_images/files/20220121_pngs/0/FF_HR000Y_20200626_012619_690_0556544_6.png
0,0.73,False,/mnt/local/fiachra/meteor_images/files/20220121_pngs/0/FF_HR000Y_20200626_012629_932_0556800_1.png
0,0.46,False,/mnt/local/fiachra/meteor_images/files/20220121_pngs/0/FF_HR000Y_20200626_013725_301_0573184_1.png
0,0.76,False,/mnt/local/fiachra/meteor_images/files/20220121_pngs/0/FF_HR000Y_20200626_013735_528_0573440_1.png
0,0.88,False,/mnt/local/fiachra/meteor_images/files/20220121_pngs/0/FF_HR0010_20201104_205530_726_0412672_1.png
0,0.79,False,/mnt/local/fiachra/meteor_images/files/20220121_pngs/0/FF_HR0010_20201104_213829_987_0476928_1.png
0,0.53,False,/mnt/local/fiachra/meteor_images/files/20220121_pngs/0/FF_HR0010_20201104_234313_347_0663808_1.png
0,0.74,False,/mnt/local/fiachra/meteor_images/files/20220121_pngs/0/FF_HR0010_20201104_235824_715_0686592_1.png
0,0.55,False,/mnt/local/fiachra/meteor_images/files/20220121_pngs/0/FF_HR0010_20201104_235824_715_0686592_3.png
0,0.71,False,/mnt/local/fiachra/meteor_images/files/20220121_pngs/0/FF_HR0010_20201104_235905_671_0687616_1.png
0,0.46,False,/mnt/local/fiachra/meteor_images/files/20220121_pngs/0/FF_HR0010_20201105_000404_906_0695040_1.png
0,0.52,False,/mnt/local/fiachra/meteor_images/files/20220121_pngs/0/FF_HR0010_20201105_000821_140_0701440_1.png
0,0.5,False,/mnt/local/fiachra/meteor_images/files/20220121_pngs/0/FF_HR0010_20201105_001632_671_0713728_1.png
0,0.78,False,/mnt/local/fiachra/meteor_images/files/20220121_pngs/0/FF_HR0010_20201105_002231_062_0722688_1.png
0,0.67,False,/mnt/local/fiachra/meteor_images/files/20220121_pngs/0/FF_HR0010_20201105_002920_684_0732928_4.png
0,0.5,False,/mnt/local/fiachra/meteor_images/files/20220121_pngs/0/FF_HR0010_20201105_003144_026_0736512_1.png
0,0.6,False,/mnt/local/fiachra/meteor_images/files/20220121_pngs/0/FF_HR0010_20201105_003326_426_0739072_2.png
0,0.48,False,/mnt/local/fiachra/meteor_images/files/20220121_pngs/0/FF_HR0010_20201105_003336_673_0739328_1.png
0,0.72,False,/mnt/local/fiachra/meteor_images/files/20220121_pngs/0/FF_HR0010_20201105_003904_386_0747520_3.png
0,0.63,False,/mnt/local/fiachra/meteor_images/files/20220121_pngs/0/FF_HR0010_20201105_004421_834_0755456_1.png
0,0.58,False,/mnt/local/fiachra/meteor_images/files/20220121_pngs/0/FF_HR0010_20201105_004534_270_0757248_1.png
0,0.46,False,/mnt/local/fiachra/meteor_images/files/20220121_pngs/0/FF_HR0010_20201105_011457_888_0801280_1.png
0,0.61,False,/mnt/local/fiachra/meteor_images/files/20220121_pngs/0/FF_HR0010_20201105_011859_885_0807168_3.png
0,0.54,False,/mnt/local/fiachra/meteor_images/files/20220121_pngs/0/FF_HR0010_20201105_012022_052_0809216_3.png
0,0.77,False,/mnt/local/fiachra/meteor_images/files/20220121_pngs/0/FF_HR0010_20201105_012123_481_0810752_7.png
0,0.72,False,/mnt/local/fiachra/meteor_images/files/20220121_pngs/0/FF_HR0010_20201105_012133_726_0811008_4.png
0,0.48,False,/mnt/local/fiachra/meteor_images/files/20220121_pngs/0/FF_HR0010_20201105_012154_210_0811520_2.png
0,0.51,False,/mnt/local/fiachra/meteor_images/files/20220121_pngs/0/FF_HR0010_20201105_012305_886_0813312_5.png
0,0.55,False,/mnt/local/fiachra/meteor_images/files/20220121_pngs/0/FF_HR0010_20201105_012529_251_0816896_2.png
0,0.61,False,/mnt/local/fiachra/meteor_images/files/20220121_pngs/0/FF_HR0010_20201105_012559_963_0817664_4.png
0,0.66,False,/mnt/local/fiachra/meteor_images/files/20220121_pngs/0/FF_HR0010_20201105_012814_795_0820992_2.png
0,0.53,False,/mnt/local/fiachra/meteor_images/files/20220121_pngs/0/FF_HR0010_20201105_012835_646_0821504_2.png
0,0.54,False,/mnt/local/fiachra/meteor_images/files/20220121_pngs/0/FF_HR0010_20201105_012916_621_0822528_2.png
0,0.74,False,/mnt/local/fiachra/meteor_images/files/20220121_pngs/0/FF_HR0010_20201105_012937_084_0823040_9.png
0,0.69,False,/mnt/local/fiachra/meteor_images/files/20220121_pngs/0/FF_HR0010_20201105_013220_926_0827136_1.png
0,0.58,False,/mnt/local/fiachra/meteor_images/files/20220121_pngs/0/FF_HR0010_20201105_013459_341_0830976_1.png
0,0.61,False,/mnt/local/fiachra/meteor_images/files/20220121_pngs/0/FF_HR0010_20201105_013600_771_0832512_4.png
0,0.71,False,/mnt/local/fiachra/meteor_images/files/20220121_pngs/0/FF_HR0010_20201105_013712_454_0834304_5.png
0,0.67,False,/mnt/local/fiachra/meteor_images/files/20220121_pngs/0/FF_HR0010_20201105_014006_535_0838656_1.png
0,0.75,False,/mnt/local/fiachra/meteor_images/files/20220121_pngs/0/FF_HR0010_20201105_014240_145_0842496_5.png
0,0.51,False,/mnt/local/fiachra/meteor_images/files/20220121_pngs/0/FF_HR0010_20201105_014412_292_0844800_1.png
0,0.61,False,/mnt/local/fiachra/meteor_images/files/20220121_pngs/0/FF_HR0010_20201105_015001_994_0853504_1.png
0,0.51,False,/mnt/local/fiachra/meteor_images/files/20220121_pngs/0/FF_HR0010_20201105_015347_258_0859136_1.png
0,0.68,False,/mnt/local/fiachra/meteor_images/files/20220121_pngs/0/FF_HR0010_20201105_015420_201_0859904_2.png
0,0.55,False,/mnt/local/fiachra/meteor_images/files/20220121_pngs/0/FF_HR0010_20201105_015655_866_0863744_3.png
0,0.48,False,/mnt/local/fiachra/meteor_images/files/20220121_pngs/0/FF_HR0010_20201105_015706_103_0864000_2.png
0,0.91,False,/mnt/local/fiachra/meteor_images/files/20220121_pngs/0/FF_HR0010_20201105_020640_266_0878336_2.png
0,0.82,False,/mnt/local/fiachra/meteor_images/files/20220121_pngs/0/FF_HR0010_20201105_021614_759_0892672_2.png
0,0.57,False,/mnt/local/fiachra/meteor_images/files/20220121_pngs/0/FF_HR0010_20201105_030941_379_0972544_1.png
0,0.86,False,/mnt/local/fiachra/meteor_images/files/20220121_pngs/0/FF_NL0001_20210223_235605_972_0551424_1.png
0,0.78,False,/mnt/local/fiachra/meteor_images/files/20220121_pngs/0/FF_NL0001_20210305_211456_288_0284160_1.png
0,0.83,False,/mnt/local/fiachra/meteor_images/files/20220121_pngs/0/FF_NL0001_20210319_012717_000_0630016_1.png
0,0.63,False,/mnt/local/fiachra/meteor_images/files/20220121_pngs/0/FF_NL0001_20210330_230615_688_0387328_1.png
0,0.78,False,/mnt/local/fiachra/meteor_images/files/20220121_pngs/0/FF_NL0001_20210330_230646_410_0388096_3.png
0,0.75,False,/mnt/local/fiachra/meteor_images/files/20220121_pngs/0/FF_NL0001_20210330_230747_857_0389632_3.png
0,0.66,False,/mnt/local/fiachra/meteor_images/files/20220121_pngs/0/FF_NL0001_20210330_230940_613_0392448_1.png
0,0.84,False,/mnt/local/fiachra/meteor_images/files/20220121_pngs/0/FF_NL0001_20210331_000533_368_0476160_1.png
0,0.78,False,/mnt/local/fiachra/meteor_images/files/20220121_pngs/0/FF_NL0001_20210413_022752_115_0654848_1.png
0,0.89,False,/mnt/local/fiachra/meteor_images/files/20220121_pngs/0/FF_NL0001_20210416_031235_725_0712192_1.png
0,0.73,False,/mnt/local/fiachra/meteor_images/files/20220121_pngs/0/FF_NL0001_20210511_235953_417_0353792_1.png
0,0.85,False,/mnt/local/fiachra/meteor_images/files/20220121_pngs/0/FF_NL0001_20210512_231203_547_0279296_1.png
0,0.51,False,/mnt/local/fiachra/meteor_images/files/20220121_pngs/0/FF_NL0001_20210513_222529_067_0206848_1.png
0,0.88,False,/mnt/local/fiachra/meteor_images/files/20220121_pngs/0/FF_NL0001_20210514_001412_092_0369408_1.png
0,0.54,False,/mnt/local/fiachra/meteor_images/files/20220121_pngs/0/FF_NL0001_20210524_232051_347_0262400_1.png
0,0.56,False,/mnt/local/fiachra/meteor_images/files/20220121_pngs/0/FF_NL0001_20210524_232051_347_0262400_2.png
0,0.89,False,/mnt/local/fiachra/meteor_images/files/20220121_pngs/0/FF_NL0001_20210526_014119_466_0471040_1.png
0,0.62,False,/mnt/local/fiachra/meteor_images/files/20220121_pngs/0/FF_NL0001_20210619_000045_875_0283648_1.png
0,0.68,False,/mnt/local/fiachra/meteor_images/files/20220121_pngs/0/FF_NL0001_20210619_000451_628_0289792_1.png
0,0.52,False,/mnt/local/fiachra/meteor_images/files/20220121_pngs/0/FF_NL0001_20210619_000613_758_0291840_1.png
0,0.81,False,/mnt/local/fiachra/meteor_images/files/20220121_pngs/0/FF_NL0001_20210619_001100_470_0299008_1.png
0,0.84,False,/mnt/local/fiachra/meteor_images/files/20220121_pngs/0/FF_NL0001_20210619_001110_733_0299264_1.png
0,0.56,False,/mnt/local/fiachra/meteor_images/files/20220121_pngs/0/FF_NL0001_20210712_225919_011_0205568_1.png
0,0.64,False,/mnt/local/fiachra/meteor_images/files/20220121_pngs/0/FF_NL0001_20210712_225939_486_0206080_7.png
0,0.69,False,/mnt/local/fiachra/meteor_images/files/20220121_pngs/0/FF_NL0001_20210712_225959_961_0206592_1.png
0,0.49,False,/mnt/local/fiachra/meteor_images/files/20220121_pngs/0/FF_NL0001_20210712_230010_210_0206848_10.png
0,0.81,False,/mnt/local/fiachra/meteor_images/files/20220121_pngs/0/FF_NL0001_20210712_230010_210_0206848_18.png
0,0.83,False,/mnt/local/fiachra/meteor_images/files/20220121_pngs/0/FF_NL0001_20210712_230010_210_0206848_22.png
0,0.59,False,/mnt/local/fiachra/meteor_images/files/20220121_pngs/0/FF_NL0001_20210712_230030_696_0207360_4.png
0,0.75,False,/mnt/local/fiachra/meteor_images/files/20220121_pngs/0/FF_NL0001_20210712_230041_081_0207616_7.png
0,0.62,False,/mnt/local/fiachra/meteor_images/files/20220121_pngs/0/FF_NL0001_20210712_230051_336_0207872_19.png
0,0.55,False,/mnt/local/fiachra/meteor_images/files/20220121_pngs/0/FF_NL0001_20210712_230101_563_0208128_3.png
0,0.46,False,/mnt/local/fiachra/meteor_images/files/20220121_pngs/0/FF_NL0001_20210712_230142_531_0209152_10.png
0,0.52,False,/mnt/local/fiachra/meteor_images/files/20220121_pngs/0/FF_NL0001_20210712_230142_531_0209152_5.png
0,0.51,False,/mnt/local/fiachra/meteor_images/files/20220121_pngs/0/FF_NL0001_20210712_230142_531_0209152_9.png
0,0.67,False,/mnt/local/fiachra/meteor_images/files/20220121_pngs/0/FF_NL0001_20210712_230223_490_0210176_28.png
0,0.57,False,/mnt/local/fiachra/meteor_images/files/20220121_pngs/0/FF_NL0001_20210716_215014_815_0109056_1.png
0,0.51,False,/mnt/local/fiachra/meteor_images/files/20220121_pngs/0/FF_NL0001_20210717_011011_924_0408576_2.png
0,0.87,False,/mnt/local/fiachra/meteor_images/files/20220121_pngs/0/FF_NL0001_20210717_012017_051_0423680_1.png
0,0.68,False,/mnt/local/fiachra/meteor_images/files/20220121_pngs/0/FF_NL0001_20210717_212456_968_0073216_2.png
0,0.5,False,/mnt/local/fiachra/meteor_images/files/20220121_pngs/0/FF_NL0001_20210717_213445_673_0087296_1.png
0,0.78,False,/mnt/local/fiachra/meteor_images/files/20220121_pngs/0/FF_NL0001_20210717_220350_396_0130816_14.png
0,0.7,False,/mnt/local/fiachra/meteor_images/files/20220121_pngs/0/FF_NL0001_20210717_220532_927_0133376_4.png
0,0.81,False,/mnt/local/fiachra/meteor_images/files/20220121_pngs/0/FF_NL0001_20210717_220603_641_0134144_1.png
0,0.61,False,/mnt/local/fiachra/meteor_images/files/20220121_pngs/0/FF_NL0001_20210717_220613_880_0134400_7.png
0,0.87,False,/mnt/local/fiachra/meteor_images/files/20220121_pngs/0/FF_NL0001_20210717_220756_277_0136960_1.png
0,0.83,False,/mnt/local/fiachra/meteor_images/files/20220121_pngs/0/FF_NL0001_20210718_000520_614_0312832_1.png
0,0.6,False,/mnt/local/fiachra/meteor_images/files/20220121_pngs/0/FF_NL0001_20210718_220140_377_0129536_7.png
0,0.8,False,/mnt/local/fiachra/meteor_images/files/20220121_pngs/0/FF_NL0001_20210718_220546_211_0135680_1.png
0,0.84,False,/mnt/local/fiachra/meteor_images/files/20220121_pngs/0/FF_NL0001_20210718_220616_953_0136448_1.png
0,0.66,False,/mnt/local/fiachra/meteor_images/files/20220121_pngs/0/FF_NL0001_20210718_221114_086_0143872_4.png
0,0.49,False,/mnt/local/fiachra/meteor_images/files/20220121_pngs/0/FF_NL0001_20210718_221134_706_0144384_3.png
0,0.77,False,/mnt/local/fiachra/meteor_images/files/20220121_pngs/0/FF_NL0001_20210718_221225_787_0145664_4.png
0,0.65,False,/mnt/local/fiachra/meteor_images/files/20220121_pngs/0/FF_NL0001_20210718_221236_053_0145920_16.png
0,0.8,False,/mnt/local/fiachra/meteor_images/files/20220121_pngs/0/FF_NL0001_20210718_221236_053_0145920_5.png
0,0.57,False,/mnt/local/fiachra/meteor_images/files/20220121_pngs/0/FF_NL0001_20210718_221236_053_0145920_8.png
0,0.47,False,/mnt/local/fiachra/meteor_images/files/20220121_pngs/0/FF_NL0001_20210718_221246_287_0146176_1.png
0,0.91,False,/mnt/local/fiachra/meteor_images/files/20220121_pngs/0/FF_NL0001_20210718_221246_287_0146176_2.png
0,0.64,False,/mnt/local/fiachra/meteor_images/files/20220121_pngs/0/FF_NL0001_20210718_221246_287_0146176_3.png
0,0.46,False,/mnt/local/fiachra/meteor_images/files/20220121_pngs/0/FF_NL0001_20210718_221308_218_0146688_3.png
0,0.56,False,/mnt/local/fiachra/meteor_images/files/20220121_pngs/0/FF_NL0001_20210718_221318_462_0146944_1.png
0,0.71,False,/mnt/local/fiachra/meteor_images/files/20220121_pngs/0/FF_NL0001_20210718_221339_050_0147456_8.png
0,0.71,False,/mnt/local/fiachra/meteor_images/files/20220121_pngs/0/FF_NL0001_20210722_224032_158_0196608_1.png
0,0.48,False,/mnt/local/fiachra/meteor_images/files/20220121_pngs/0/FF_NL0001_20210722_224032_158_0196608_2.png
0,0.47,False,/mnt/local/fiachra/meteor_images/files/20220121_pngs/0/FF_NL0001_20210722_224123_363_0197888_1.png
0,0.88,False,/mnt/local/fiachra/meteor_images/files/20220121_pngs/0/FF_NL0001_20210722_224235_043_0199680_5.png
0,0.56,False,/mnt/local/fiachra/meteor_images/files/20220121_pngs/0/FF_NL0001_20210722_224326_242_0200960_7.png
0,0.54,False,/mnt/local/fiachra/meteor_images/files/20220121_pngs/0/FF_NL0001_20210722_224935_578_0210176_1.png
0,0.66,False,/mnt/local/fiachra/meteor_images/files/20220121_pngs/0/FF_NL0001_20210722_224945_799_0210432_15.png
0,0.61,False,/mnt/local/fiachra/meteor_images/files/20220121_pngs/0/FF_NL0001_20210722_225047_240_0211968_3.png
0,0.68,False,/mnt/local/fiachra/meteor_images/files/20220121_pngs/0/FF_NL0001_20210722_225110_617_0212480_1.png
0,0.49,False,/mnt/local/fiachra/meteor_images/files/20220121_pngs/0/FF_NL0001_20210722_225128_202_0212992_9.png
0,0.83,False,/mnt/local/fiachra/meteor_images/files/20220121_pngs/0/FF_NL0001_20210722_225209_159_0214016_2.png
0,0.49,False,/mnt/local/fiachra/meteor_images/files/20220121_pngs/0/FF_NL0001_20210722_225209_159_0214016_3.png
0,0.62,False,/mnt/local/fiachra/meteor_images/files/20220121_pngs/0/FF_NL0001_20210722_225209_159_0214016_4.png
0,0.53,False,/mnt/local/fiachra/meteor_images/files/20220121_pngs/0/FF_NL0001_20210722_225219_403_0214272_18.png
0,0.55,False,/mnt/local/fiachra/meteor_images/files/20220121_pngs/0/FF_NL0001_20210722_225229_646_0214528_1.png
0,0.7,False,/mnt/local/fiachra/meteor_images/files/20220121_pngs/0/FF_NL0001_20210722_225250_120_0215040_1.png
0,0.78,False,/mnt/local/fiachra/meteor_images/files/20220121_pngs/0/FF_NL0001_20210722_225320_843_0215808_1.png
0,0.65,False,/mnt/local/fiachra/meteor_images/files/20220121_pngs/0/FF_NL0001_20210722_225320_843_0215808_3.png
0,0.51,False,/mnt/local/fiachra/meteor_images/files/20220121_pngs/0/FF_NL0001_20210803_213440_723_0130048_1.png
0,0.61,False,/mnt/local/fiachra/meteor_images/files/20220121_pngs/0/FF_NL0001_20210803_213542_157_0131584_3.png
0,0.78,False,/mnt/local/fiachra/meteor_images/files/20220121_pngs/0/FF_NL0001_20210803_213612_873_0132352_2.png
0,0.55,False,/mnt/local/fiachra/meteor_images/files/20220121_pngs/0/FF_NL0001_20210803_213623_125_0132608_8.png
0,0.53,False,/mnt/local/fiachra/meteor_images/files/20220121_pngs/0/FF_NL0001_20210803_213745_034_0134656_1.png
0,0.66,False,/mnt/local/fiachra/meteor_images/files/20220121_pngs/0/FF_NL0001_20210803_213805_526_0135168_14.png
0,0.55,False,/mnt/local/fiachra/meteor_images/files/20220121_pngs/0/FF_NL0001_20210803_213805_526_0135168_15.png
0,0.74,False,/mnt/local/fiachra/meteor_images/files/20220121_pngs/0/FF_NL0001_20210808_210119_229_0094464_3.png
0,0.67,False,/mnt/local/fiachra/meteor_images/files/20220121_pngs/0/FF_NL0001_20210808_210454_270_0099840_2.png
0,0.91,False,/mnt/local/fiachra/meteor_images/files/20220121_pngs/0/FF_NL0001_20210808_210504_525_0100096_2.png
0,0.58,False,/mnt/local/fiachra/meteor_images/files/20220121_pngs/0/FF_NL0001_20210808_210524_993_0100608_5.png
0,0.54,False,/mnt/local/fiachra/meteor_images/files/20220121_pngs/0/FF_NL0001_20210808_220257_798_0186880_2.png
0,0.72,False,/mnt/local/fiachra/meteor_images/files/20220121_pngs/0/FF_NL0001_20210811_025102_161_0624128_1.png
0,0.8,False,/mnt/local/fiachra/meteor_images/files/20220121_pngs/0/FF_NL0001_20210811_230448_679_0289280_1.png
0,0.49,False,/mnt/local/fiachra/meteor_images/files/20220121_pngs/0/FF_NL0001_20210814_213840_122_0169984_1.png
0,0.83,False,/mnt/local/fiachra/meteor_images/files/20220121_pngs/0/FF_NL0001_20210814_215010_003_0187136_1.png
0,0.75,False,/mnt/local/fiachra/meteor_images/files/20220121_pngs/0/FF_NL0001_20210815_222140_643_0237312_1.png
0,0.6,False,/mnt/local/fiachra/meteor_images/files/20220121_pngs/0/FF_NL0001_20210816_214220_681_0181760_3.png
0,0.74,False,/mnt/local/fiachra/meteor_images/files/20220121_pngs/0/FF_NL0001_20210819_202510_524_0075520_1.png
0,0.49,False,/mnt/local/fiachra/meteor_images/files/20220121_pngs/0/FF_NL0001_20210824_025232_765_0668416_1.png
0,0.81,False,/mnt/local/fiachra/meteor_images/files/20220121_pngs/0/FF_NL0001_20210824_202805_000_0097280_1.png
0,0.89,False,/mnt/local/fiachra/meteor_images/files/20220121_pngs/0/FF_NL0001_20210824_202957_805_0100096_1.png
0,0.49,False,/mnt/local/fiachra/meteor_images/files/20220121_pngs/0/FF_NL0001_20210824_203109_493_0101888_2.png
0,0.69,False,/mnt/local/fiachra/meteor_images/files/20220121_pngs/0/FF_NL0001_20210825_013352_654_0555264_2.png
0,0.81,False,/mnt/local/fiachra/meteor_images/files/20220121_pngs/0/FF_NL0001_20210827_212640_301_0195584_1.png
0,0.83,False,/mnt/local/fiachra/meteor_images/files/20220121_pngs/0/FF_NL0001_20210828_201445_113_0090624_1.png
0,0.57,False,/mnt/local/fiachra/meteor_images/files/20220121_pngs/0/FF_NL0001_20210828_201445_113_0090624_2.png
0,0.7,False,/mnt/local/fiachra/meteor_images/files/20220121_pngs/0/FF_NL0001_20210828_203646_881_0123648_1.png
0,0.48,False,/mnt/local/fiachra/meteor_images/files/20220121_pngs/0/FF_NL0001_20210828_215429_071_0240128_1.png
0,0.54,False,/mnt/local/fiachra/meteor_images/files/20220121_pngs/0/FF_NL0001_20210830_195245_557_0065280_1.png
0,0.67,False,/mnt/local/fiachra/meteor_images/files/20220121_pngs/0/FF_NL0001_20210830_200129_546_0078336_1.png
0,0.81,False,/mnt/local/fiachra/meteor_images/files/20220121_pngs/0/FF_NL0001_20210830_200403_136_0082176_1.png
0,0.46,False,/mnt/local/fiachra/meteor_images/files/20220121_pngs/0/FF_NL0001_20210830_202645_292_0116224_1.png
0,0.83,False,/mnt/local/fiachra/meteor_images/files/20220121_pngs/0/FF_NL0001_20210831_033709_321_0756992_1.png
0,0.9,False,/mnt/local/fiachra/meteor_images/files/20220121_pngs/0/FF_NL0001_20210831_034512_466_0769024_1.png
0,0.92,False,/mnt/local/fiachra/meteor_images/files/20220121_pngs/0/FF_NL0001_20210902_204303_214_0151040_1.png
0,0.62,False,/mnt/local/fiachra/meteor_images/files/20220121_pngs/0/FF_NL0001_20210902_205421_814_0167936_1.png
0,0.57,False,/mnt/local/fiachra/meteor_images/files/20220121_pngs/0/FF_NL0001_20210902_205837_811_0174336_1.png
0,0.66,False,/mnt/local/fiachra/meteor_images/files/20220121_pngs/0/FF_NL0001_20210902_205837_811_0174336_3.png
0,0.47,False,/mnt/local/fiachra/meteor_images/files/20220121_pngs/0/FF_NL0001_20210902_205837_811_0174336_4.png
0,0.83,False,/mnt/local/fiachra/meteor_images/files/20220121_pngs/0/FF_NL0001_20210902_211258_183_0195840_1.png
0,0.78,False,/mnt/local/fiachra/meteor_images/files/20220121_pngs/0/FF_NL0001_20210902_211755_150_0203264_1.png
0,0.87,False,/mnt/local/fiachra/meteor_images/files/20220121_pngs/0/FF_NL0001_20210903_012502_526_0573696_1.png
0,0.59,False,/mnt/local/fiachra/meteor_images/files/20220121_pngs/0/FF_NL0001_20210903_195912_224_0089088_3.png
0,0.46,False,/mnt/local/fiachra/meteor_images/files/20220121_pngs/0/FF_NL0001_20210903_201708_843_0115968_2.png
0,0.67,False,/mnt/local/fiachra/meteor_images/files/20220121_pngs/0/FF_NL0001_20210904_013355_711_0590848_1.png
0,0.83,False,/mnt/local/fiachra/meteor_images/files/20220121_pngs/0/FF_NL0001_20210905_035109_934_0799744_1.png
0,0.54,False,/mnt/local/fiachra/meteor_images/files/20220121_pngs/0/FF_NL0001_20210905_203031_801_0142848_2.png
0,0.56,False,/mnt/local/fiachra/meteor_images/files/20220121_pngs/0/FF_NL0001_20210905_203042_049_0143104_4.png
0,0.72,False,/mnt/local/fiachra/meteor_images/files/20220121_pngs/0/FF_NL0001_20210905_203102_525_0143616_3.png
0,0.82,False,/mnt/local/fiachra/meteor_images/files/20220121_pngs/0/FF_NL0001_20210905_203214_202_0145408_22.png
0,0.58,False,/mnt/local/fiachra/meteor_images/files/20220121_pngs/0/FF_NL0001_20210905_203447_886_0149248_1.png
0,0.71,False,/mnt/local/fiachra/meteor_images/files/20220121_pngs/0/FF_NL0001_20210905_203447_886_0149248_2.png
0,0.46,False,/mnt/local/fiachra/meteor_images/files/20220121_pngs/0/FF_NL0001_20210905_203447_886_0149248_4.png
0,0.68,False,/mnt/local/fiachra/meteor_images/files/20220121_pngs/0/FF_NL0001_20210905_203559_565_0151040_1.png
0,0.56,False,/mnt/local/fiachra/meteor_images/files/20220121_pngs/0/FF_NL0001_20210905_203609_802_0151296_9.png
0,0.67,False,/mnt/local/fiachra/meteor_images/files/20220121_pngs/0/FF_NL0001_20210905_203620_040_0151552_1.png
0,0.78,False,/mnt/local/fiachra/meteor_images/files/20220121_pngs/0/FF_NL0001_20210905_203711_241_0152832_12.png
0,0.53,False,/mnt/local/fiachra/meteor_images/files/20220121_pngs/0/FF_NL0001_20210905_203711_241_0152832_4.png
0,0.7,False,/mnt/local/fiachra/meteor_images/files/20220121_pngs/0/FF_NL0001_20210905_203721_484_0153088_3.png
0,0.53,False,/mnt/local/fiachra/meteor_images/files/20220121_pngs/0/FF_NL0001_20210905_203752_226_0153856_6.png
0,0.62,False,/mnt/local/fiachra/meteor_images/files/20220121_pngs/0/FF_NL0001_20210905_203833_160_0154880_4.png
0,0.63,False,/mnt/local/fiachra/meteor_images/files/20220121_pngs/0/FF_NL0001_20210905_203853_642_0155392_15.png
0,0.61,False,/mnt/local/fiachra/meteor_images/files/20220121_pngs/0/FF_NL0001_20210905_203934_600_0156416_2.png
0,0.76,False,/mnt/local/fiachra/meteor_images/files/20220121_pngs/0/FF_NL0001_20210905_203944_851_0156672_24.png
0,0.46,False,/mnt/local/fiachra/meteor_images/files/20220121_pngs/0/FF_NL0001_20210905_204006_726_0157184_7.png
0,0.48,False,/mnt/local/fiachra/meteor_images/files/20220121_pngs/0/FF_NL0001_20210905_204027_221_0157696_10.png
0,0.47,False,/mnt/local/fiachra/meteor_images/files/20220121_pngs/0/FF_NL0001_20210905_204027_221_0157696_9.png
0,0.68,False,/mnt/local/fiachra/meteor_images/files/20220121_pngs/0/FF_NL0001_20210905_204037_439_0157952_20.png
0,0.61,False,/mnt/local/fiachra/meteor_images/files/20220121_pngs/0/FF_NL0001_20210905_204047_683_0158208_6.png
0,0.52,False,/mnt/local/fiachra/meteor_images/files/20220121_pngs/0/FF_NL0001_20210905_204047_683_0158208_8.png
0,0.6,False,/mnt/local/fiachra/meteor_images/files/20220121_pngs/0/FF_NL0001_20210905_204057_921_0158464_4.png
0,0.51,False,/mnt/local/fiachra/meteor_images/files/20220121_pngs/0/FF_NL0001_20210905_204057_921_0158464_5.png
0,0.88,False,/mnt/local/fiachra/meteor_images/files/20220121_pngs/0/FF_NL0001_20210905_204128_642_0159232_2.png
0,0.69,False,/mnt/local/fiachra/meteor_images/files/20220121_pngs/0/FF_NL0001_20210905_204138_889_0159488_1.png
0,0.51,False,/mnt/local/fiachra/meteor_images/files/20220121_pngs/0/FF_NL0001_20210905_204149_120_0159744_2.png
0,0.6,False,/mnt/local/fiachra/meteor_images/files/20220121_pngs/0/FF_NL0001_20210905_204159_357_0160000_1.png
0,0.46,False,/mnt/local/fiachra/meteor_images/files/20220121_pngs/0/FF_NL0001_20210905_204230_087_0160768_1.png
0,0.56,False,/mnt/local/fiachra/meteor_images/files/20220121_pngs/0/FF_NL0001_20210905_213932_786_0246272_12.png
0,0.61,False,/mnt/local/fiachra/meteor_images/files/20220121_pngs/0/FF_NL0001_20210905_213932_786_0246272_14.png
0,0.82,False,/mnt/local/fiachra/meteor_images/files/20220121_pngs/0/FF_NL0001_20210905_213932_786_0246272_5.png
0,0.58,False,/mnt/local/fiachra/meteor_images/files/20220121_pngs/0/FF_NL0001_20210905_213932_786_0246272_9.png
0,0.73,False,/mnt/local/fiachra/meteor_images/files/20220121_pngs/0/FF_NL0001_20210905_214003_503_0247040_5.png
0,0.54,False,/mnt/local/fiachra/meteor_images/files/20220121_pngs/0/FF_NL0001_20210905_214023_978_0247552_4.png
0,0.81,False,/mnt/local/fiachra/meteor_images/files/20220121_pngs/0/FF_NL0001_20210905_214023_978_0247552_5.png
0,0.71,False,/mnt/local/fiachra/meteor_images/files/20220121_pngs/0/FF_NL0001_20210905_214023_978_0247552_6.png
0,0.74,False,/mnt/local/fiachra/meteor_images/files/20220121_pngs/0/FF_NL0001_20210905_214044_469_0248064_19.png
0,0.69,False,/mnt/local/fiachra/meteor_images/files/20220121_pngs/0/FF_NL0001_20210905_214054_700_0248320_1.png
0,0.79,False,/mnt/local/fiachra/meteor_images/files/20220121_pngs/0/FF_NL0001_20210905_214104_938_0248576_6.png
0,0.63,False,/mnt/local/fiachra/meteor_images/files/20220121_pngs/0/FF_NL0001_20210905_214115_208_0248832_8.png
0,0.56,False,/mnt/local/fiachra/meteor_images/files/20220121_pngs/0/FF_NL0001_20210905_214135_658_0249344_15.png
0,0.49,False,/mnt/local/fiachra/meteor_images/files/20220121_pngs/0/FF_NL0001_20210905_214135_658_0249344_2.png
0,0.83,False,/mnt/local/fiachra/meteor_images/files/20220121_pngs/0/FF_NL0001_20210905_214145_904_0249600_4.png
0,0.53,False,/mnt/local/fiachra/meteor_images/files/20220121_pngs/0/FF_NL0001_20210905_214145_904_0249600_7.png
0,0.56,False,/mnt/local/fiachra/meteor_images/files/20220121_pngs/0/FF_NL0001_20210905_214206_399_0250112_12.png
0,0.91,False,/mnt/local/fiachra/meteor_images/files/20220121_pngs/0/FF_NL0001_20210905_214216_623_0250368_10.png
0,0.53,False,/mnt/local/fiachra/meteor_images/files/20220121_pngs/0/FF_NL0001_20210905_214216_623_0250368_11.png
0,0.5,False,/mnt/local/fiachra/meteor_images/files/20220121_pngs/0/FF_NL0001_20210905_214338_541_0252416_10.png
0,0.55,False,/mnt/local/fiachra/meteor_images/files/20220121_pngs/0/FF_NL0001_20210905_214359_462_0252928_5.png
0,0.47,False,/mnt/local/fiachra/meteor_images/files/20220121_pngs/0/FF_NL0001_20210905_214419_946_0253440_4.png
0,0.53,False,/mnt/local/fiachra/meteor_images/files/20220121_pngs/0/FF_NL0001_20210905_214511_151_0254720_3.png
0,0.81,False,/mnt/local/fiachra/meteor_images/files/20220121_pngs/0/FF_NL0001_20210906_194625_408_0079872_1.png
0,0.87,False,/mnt/local/fiachra/meteor_images/files/20220121_pngs/0/FF_NL0001_20210906_200646_966_0110336_1.png
0,0.7,False,/mnt/local/fiachra/meteor_images/files/20220121_pngs/0/FF_NL0001_20210906_200920_576_0114176_1.png
0,0.54,False,/mnt/local/fiachra/meteor_images/files/20220121_pngs/0/FF_NL0001_20210906_200930_813_0114432_5.png
0,0.65,False,/mnt/local/fiachra/meteor_images/files/20220121_pngs/0/FF_NL0001_20210906_201042_501_0116224_2.png
0,0.86,False,/mnt/local/fiachra/meteor_images/files/20220121_pngs/0/FF_NL0001_20210907_021746_368_0666368_1.png
0,0.71,False,/mnt/local/fiachra/meteor_images/files/20220121_pngs/0/FF_NL0001_20210907_021928_747_0668928_1.png
0,0.55,False,/mnt/local/fiachra/meteor_images/files/20220121_pngs/0/FF_NL0001_20210907_022121_399_0671744_2.png
0,0.62,False,/mnt/local/fiachra/meteor_images/files/20220121_pngs/0/FF_NL0001_20210907_201404_102_0125184_1.png
0,0.6,False,/mnt/local/fiachra/meteor_images/files/20220121_pngs/0/FF_NL0001_20210907_201647_946_0129280_12.png
0,0.72,False,/mnt/local/fiachra/meteor_images/files/20220121_pngs/0/FF_NL0001_20210907_201647_946_0129280_2.png
0,0.8,False,/mnt/local/fiachra/meteor_images/files/20220121_pngs/0/FF_NL0001_20210907_201739_143_0130560_1.png
0,0.55,False,/mnt/local/fiachra/meteor_images/files/20220121_pngs/0/FF_NL0001_20210907_204746_911_0175616_1.png
0,0.55,False,/mnt/local/fiachra/meteor_images/files/20220121_pngs/0/FF_NL0001_20210907_204817_631_0176384_2.png
0,0.75,False,/mnt/local/fiachra/meteor_images/files/20220121_pngs/0/FF_NL0001_20210907_204919_067_0177920_1.png
0,0.54,False,/mnt/local/fiachra/meteor_images/files/20220121_pngs/0/FF_NL0001_20210907_204949_798_0178688_1.png
0,0.53,False,/mnt/local/fiachra/meteor_images/files/20220121_pngs/0/FF_NL0001_20210908_002831_964_0506368_1.png
0,0.57,False,/mnt/local/fiachra/meteor_images/files/20220121_pngs/0/FF_NL0001_20210908_003045_199_0509696_1.png
0,0.67,False,/mnt/local/fiachra/meteor_images/files/20220121_pngs/0/FF_NL0001_20210908_003329_040_0513792_1.png
0,0.56,False,/mnt/local/fiachra/meteor_images/files/20220121_pngs/0/FF_NL0001_20210908_003339_285_0514048_1.png
0,0.85,False,/mnt/local/fiachra/meteor_images/files/20220121_pngs/0/FF_NL0001_20210908_003339_285_0514048_5.png
0,0.74,False,/mnt/local/fiachra/meteor_images/files/20220121_pngs/0/FF_NL0001_20210908_003450_965_0515840_1.png
0,0.53,False,/mnt/local/fiachra/meteor_images/files/20220121_pngs/0/FF_NL0001_20210910_003952_022_0530432_1.png
0,0.8,False,/mnt/local/fiachra/meteor_images/files/20220121_pngs/0/FF_NL0001_20210910_213756_238_0261376_1.png
0,0.78,False,/mnt/local/fiachra/meteor_images/files/20220121_pngs/0/FF_NL0001_20210910_214141_546_0267008_1.png
0,0.55,False,/mnt/local/fiachra/meteor_images/files/20220121_pngs/0/FF_NL0001_20210912_011639_225_0592384_3.png
0,0.67,False,/mnt/local/fiachra/meteor_images/files/20220121_pngs/0/FF_NL0001_20210913_004733_173_0552704_1.png
0,0.68,False,/mnt/local/fiachra/meteor_images/files/20220121_pngs/0/FF_NL0001_20210913_202028_494_0155392_1.png
0,0.64,False,/mnt/local/fiachra/meteor_images/files/20220121_pngs/0/FF_NL0001_20210913_202332_832_0160000_1.png
0,0.53,False,/mnt/local/fiachra/meteor_images/files/20220121_pngs/0/FF_NL0001_20210913_204320_841_0189696_11.png
0,0.52,False,/mnt/local/fiachra/meteor_images/files/20220121_pngs/0/FF_NL0001_20210913_204320_841_0189696_7.png
0,0.56,False,/mnt/local/fiachra/meteor_images/files/20220121_pngs/0/FF_NL0001_20210913_204525_927_0192768_1.png
0,0.54,False,/mnt/local/fiachra/meteor_images/files/20220121_pngs/0/FF_NL0001_20210913_204536_160_0193024_1.png
0,0.52,False,/mnt/local/fiachra/meteor_images/files/20220121_pngs/0/FF_NL0001_20210913_204546_401_0193280_1.png
0,0.54,False,/mnt/local/fiachra/meteor_images/files/20220121_pngs/0/FF_NL0001_20210913_204617_125_0194048_2.png
0,0.93,False,/mnt/local/fiachra/meteor_images/files/20220121_pngs/0/FF_NL0001_20210913_205753_849_0211456_1.png
0,0.87,False,/mnt/local/fiachra/meteor_images/files/20220121_pngs/0/FF_NL0001_20210920_191805_225_0087296_1.png
0,0.47,False,/mnt/local/fiachra/meteor_images/files/20220121_pngs/0/FF_NL0001_20210920_193856_146_0118528_2.png
0,0.51,False,/mnt/local/fiachra/meteor_images/files/20220121_pngs/0/FF_NL0001_20210920_195154_710_0137984_2.png
0,0.64,False,/mnt/local/fiachra/meteor_images/files/20220121_pngs/0/FF_NL0001_20210920_200007_443_0150272_2.png
0,0.54,False,/mnt/local/fiachra/meteor_images/files/20220121_pngs/0/FF_NL0001_20210920_200129_353_0152320_1.png
0,0.83,False,/mnt/local/fiachra/meteor_images/files/20220121_pngs/0/FF_NL0001_20210920_200312_476_0154880_1.png
0,0.55,False,/mnt/local/fiachra/meteor_images/files/20220121_pngs/0/FF_NL0001_20210920_200606_554_0159232_3.png
0,0.78,False,/mnt/local/fiachra/meteor_images/files/20220121_pngs/0/FF_NL0001_20210920_204038_610_0210944_1.png
0,0.81,False,/mnt/local/fiachra/meteor_images/files/20220121_pngs/0/FF_NL0001_20210920_213629_754_0294656_1.png
0,0.51,False,/mnt/local/fiachra/meteor_images/files/20220121_pngs/0/FF_NL0001_20210922_194514_424_0134912_1.png
0,0.84,False,/mnt/local/fiachra/meteor_images/files/20220121_pngs/0/FF_NL0001_20210922_211448_098_0268800_1.png
0,0.74,False,/mnt/local/fiachra/meteor_images/files/20220121_pngs/0/FF_NL0001_20210923_031853_210_0813824_2.png
0,0.54,False,/mnt/local/fiachra/meteor_images/files/20220121_pngs/0/FF_NL0001_20210923_032004_895_0815616_2.png
0,0.73,False,/mnt/local/fiachra/meteor_images/files/20220121_pngs/0/FF_NL0001_20210923_032207_774_0818688_3.png
0,0.73,False,/mnt/local/fiachra/meteor_images/files/20220121_pngs/0/FF_NL0001_20210923_193240_547_0119552_1.png
0,0.84,False,/mnt/local/fiachra/meteor_images/files/20220121_pngs/0/FF_NL0001_20210923_194021_378_0131072_1.png
0,0.55,False,/mnt/local/fiachra/meteor_images/files/20220121_pngs/0/FF_NL0001_20210923_200427_903_0167168_1.png
0,0.78,False,/mnt/local/fiachra/meteor_images/files/20220121_pngs/0/FF_NL0001_20210923_203056_667_0206848_1.png
0,0.87,False,/mnt/local/fiachra/meteor_images/files/20220121_pngs/0/FF_NL0001_20210923_232936_364_0474624_1.png
0,0.68,False,/mnt/local/fiachra/meteor_images/files/20220121_pngs/0/FF_NL0001_20210925_205705_263_0252416_1.png
0,0.62,False,/mnt/local/fiachra/meteor_images/files/20220121_pngs/0/FF_NL0001_20210925_210143_463_0259328_1.png
0,0.79,False,/mnt/local/fiachra/meteor_images/files/20220121_pngs/0/FF_NL0001_20210927_013857_330_0678144_1.png
0,0.9,False,/mnt/local/fiachra/meteor_images/files/20220121_pngs/0/FF_NL0001_20210927_032055_272_0830976_1.png
0,0.56,False,/mnt/local/fiachra/meteor_images/files/20220121_pngs/0/FF_NL0001_20210927_183813_222_0051968_1.png
0,0.67,False,/mnt/local/fiachra/meteor_images/files/20220121_pngs/0/FF_NL0001_20210927_190126_816_0086784_5.png
0,0.53,False,/mnt/local/fiachra/meteor_images/files/20220121_pngs/0/FF_NL0001_20210927_193130_223_0131840_2.png
0,0.57,False,/mnt/local/fiachra/meteor_images/files/20220121_pngs/0/FF_NL0001_20210927_193638_340_0139520_11.png
0,0.89,False,/mnt/local/fiachra/meteor_images/files/20220121_pngs/0/FF_NL0001_20210927_195616_545_0168960_1.png
0,0.86,False,/mnt/local/fiachra/meteor_images/files/20220121_pngs/0/FF_NL0001_20210927_200340_545_0179968_1.png
0,0.87,False,/mnt/local/fiachra/meteor_images/files/20220121_pngs/0/FF_NL0001_20210927_204318_563_0239360_1.png
0,0.55,False,/mnt/local/fiachra/meteor_images/files/20220121_pngs/0/FF_NL0001_20210927_210825_341_0276992_1.png
0,0.58,False,/mnt/local/fiachra/meteor_images/files/20220121_pngs/0/FF_NL0001_20210927_210825_341_0276992_7.png
0,0.65,False,/mnt/local/fiachra/meteor_images/files/20220121_pngs/0/FF_NL0001_20210928_041016_798_0909312_2.png
0,0.8,False,/mnt/local/fiachra/meteor_images/files/20220121_pngs/0/FF_NL0001_20210928_225225_846_0436224_1.png
0,0.55,False,/mnt/local/fiachra/meteor_images/files/20220121_pngs/0/FF_NL0001_20210929_182802_025_0043776_5.png
0,0.68,False,/mnt/local/fiachra/meteor_images/files/20220121_pngs/0/FF_NL0001_20210929_192130_524_0123392_1.png
0,0.51,False,/mnt/local/fiachra/meteor_images/files/20220121_pngs/0/FF_NL0001_20210929_192515_886_0129024_2.png
0,0.54,False,/mnt/local/fiachra/meteor_images/files/20220121_pngs/0/FF_NL0001_20210929_192719_014_0132096_1.png
0,0.53,False,/mnt/local/fiachra/meteor_images/files/20220121_pngs/0/FF_NL0001_20210929_192901_682_0134656_1.png
0,0.49,False,/mnt/local/fiachra/meteor_images/files/20220121_pngs/0/FF_NL0001_20210929_192922_161_0135168_1.png
0,0.51,False,/mnt/local/fiachra/meteor_images/files/20220121_pngs/0/FF_NL0001_20210929_193358_967_0142080_5.png
0,0.57,False,/mnt/local/fiachra/meteor_images/files/20220121_pngs/0/FF_NL0001_20210929_193510_648_0143872_2.png
0,0.81,False,/mnt/local/fiachra/meteor_images/files/20220121_pngs/0/FF_NL0001_20210929_193723_774_0147200_1.png
0,0.83,False,/mnt/local/fiachra/meteor_images/files/20220121_pngs/0/FF_NL0001_20210929_194100_484_0152576_1.png
0,0.82,False,/mnt/local/fiachra/meteor_images/files/20220121_pngs/0/FF_NL0001_20210929_194303_367_0155648_1.png
0,0.92,False,/mnt/local/fiachra/meteor_images/files/20220121_pngs/0/FF_NL0001_20210929_194711_209_0161792_1.png
0,0.93,False,/mnt/local/fiachra/meteor_images/files/20220121_pngs/0/FF_NL0001_20210929_202215_229_0214272_1.png
0,0.74,False,/mnt/local/fiachra/meteor_images/files/20220121_pngs/0/FF_NL0001_20210929_204857_924_0254208_1.png
0,0.6,False,/mnt/local/fiachra/meteor_images/files/20220121_pngs/0/FF_NL0001_20210929_223646_613_0415488_1.png
0,0.46,False,/mnt/local/fiachra/meteor_images/files/20220121_pngs/0/FF_NL0001_20210929_223837_913_0418304_1.png
0,0.73,False,/mnt/local/fiachra/meteor_images/files/20220121_pngs/0/FF_NL0001_20210930_031337_699_0830464_1.png
0,0.65,False,/mnt/local/fiachra/meteor_images/files/20220121_pngs/0/FF_NL0009_20210109_193607_321_0219136_1.png
0,0.55,False,/mnt/local/fiachra/meteor_images/files/20220121_pngs/0/FF_NL0009_20210109_193720_676_0220928_1.png
0,0.82,False,/mnt/local/fiachra/meteor_images/files/20220121_pngs/0/FF_NL0009_20210109_200524_313_0262912_4.png
0,0.46,False,/mnt/local/fiachra/meteor_images/files/20220121_pngs/0/FF_NL0009_20210112_193823_193_0261120_1.png
0,0.91,False,/mnt/local/fiachra/meteor_images/files/20220121_pngs/0/FF_NL0009_20210113_005748_918_0708608_1.png
0,0.92,False,/mnt/local/fiachra/meteor_images/files/20220121_pngs/0/FF_NL0009_20210121_041930_672_1031680_1.png
0,0.88,False,/mnt/local/fiachra/meteor_images/files/20220121_pngs/0/FF_NL0009_20210121_045231_511_1081088_1.png
0,0.75,False,/mnt/local/fiachra/meteor_images/files/20220121_pngs/0/FF_NL0009_20210123_021006_071_0815872_1.png
0,0.85,False,/mnt/local/fiachra/meteor_images/files/20220121_pngs/0/FF_NL0009_20210123_022722_930_0841216_1.png
0,0.6,False,/mnt/local/fiachra/meteor_images/files/20220121_pngs/0/FF_NL0009_20210124_055155_514_1161216_1.png
0,0.88,False,/mnt/local/fiachra/meteor_images/files/20220121_pngs/0/FF_NL0009_20210126_040333_564_0990464_7.png
0,0.91,False,/mnt/local/fiachra/meteor_images/files/20220121_pngs/0/FF_NL0009_20210218_201842_734_0147712_1.png
0,0.69,False,/mnt/local/fiachra/meteor_images/files/20220121_pngs/0/FF_NL0009_20210218_201842_734_0147712_3.png
0,0.85,False,/mnt/local/fiachra/meteor_images/files/20220121_pngs/0/FF_NL0009_20210218_213944_123_0164864_1.png
0,0.68,False,/mnt/local/fiachra/meteor_images/files/20220121_pngs/0/FF_NL0009_20210218_214357_378_0166400_1.png
0,0.55,False,/mnt/local/fiachra/meteor_images/files/20220121_pngs/0/FF_NL0009_20210218_214404_592_0166656_1.png
0,0.56,False,/mnt/local/fiachra/meteor_images/files/20220121_pngs/0/FF_NL0009_20210218_214404_592_0166656_2.png
0,0.92,False,/mnt/local/fiachra/meteor_images/files/20220121_pngs/0/FF_NL0009_20210218_223348_800_0182528_1.png
0,0.94,False,/mnt/local/fiachra/meteor_images/files/20220121_pngs/0/FF_NL0009_20210218_224519_872_0186368_2.png
0,0.82,False,/mnt/local/fiachra/meteor_images/files/20220121_pngs/0/FF_NL0009_20210219_010253_995_0233728_1.png
0,0.81,False,/mnt/local/fiachra/meteor_images/files/20220121_pngs/0/FF_NL0009_20210219_010338_170_0234496_1.png
0,0.73,False,/mnt/local/fiachra/meteor_images/files/20220121_pngs/0/FF_NL0009_20210219_013731_905_0246784_2.png
0,0.89,False,/mnt/local/fiachra/meteor_images/files/20220121_pngs/0/FF_NL0009_20210219_041801_440_0302848_1.png
0,0.81,False,/mnt/local/fiachra/meteor_images/files/20220121_pngs/0/FF_NL0009_20210219_042433_161_0309248_2.png
0,0.51,False,/mnt/local/fiachra/meteor_images/files/20220121_pngs/0/FF_NL0009_20210219_042433_161_0309248_3.png
0,0.67,False,/mnt/local/fiachra/meteor_images/files/20220121_pngs/0/FF_NL0009_20210220_214638_501_0240128_1.png
0,0.57,False,/mnt/local/fiachra/meteor_images/files/20220121_pngs/0/FF_NL0009_20210220_214659_446_0240384_2.png
0,0.87,False,/mnt/local/fiachra/meteor_images/files/20220121_pngs/0/FF_NL0009_20210220_221206_915_0246016_1.png
0,0.82,False,/mnt/local/fiachra/meteor_images/files/20220121_pngs/0/FF_NL0009_20210221_185413_522_0061440_1.png
0,0.59,False,/mnt/local/fiachra/meteor_images/files/20220121_pngs/0/FF_NL0009_20210221_190624_084_0067072_1.png
0,0.58,False,/mnt/local/fiachra/meteor_images/files/20220121_pngs/0/FF_NL0009_20210221_193158_090_0077056_1.png
0,0.68,False,/mnt/local/fiachra/meteor_images/files/20220121_pngs/0/FF_NL0009_20210221_195409_753_0082176_1.png
0,0.85,False,/mnt/local/fiachra/meteor_images/files/20220121_pngs/0/FF_NL0009_20210221_195409_753_0082176_2.png
0,0.92,False,/mnt/local/fiachra/meteor_images/files/20220121_pngs/0/FF_NL0009_20210221_205336_266_0094976_1.png
0,0.6,False,/mnt/local/fiachra/meteor_images/files/20220121_pngs/0/FF_NL0009_20210221_211758_751_0098048_1.png
0,0.71,False,/mnt/local/fiachra/meteor_images/files/20220121_pngs/0/FF_NL0009_20210224_191417_682_0077056_2.png
0,0.56,False,/mnt/local/fiachra/meteor_images/files/20220121_pngs/0/FF_NL0009_20210226_182546_336_0045568_1.png
0,0.84,False,/mnt/local/fiachra/meteor_images/files/20220121_pngs/0/FF_NL0009_20210226_185604_156_0064512_1.png
0,0.57,False,/mnt/local/fiachra/meteor_images/files/20220121_pngs/0/FF_NL0009_20210226_193635_939_0092672_1.png
0,0.5,False,/mnt/local/fiachra/meteor_images/files/20220121_pngs/0/FF_NL0009_20210226_202753_120_0109568_1.png
0,0.52,False,/mnt/local/fiachra/meteor_images/files/20220121_pngs/0/FF_NL0009_20210226_205957_273_0116480_1.png
0,0.78,False,/mnt/local/fiachra/meteor_images/files/20220121_pngs/0/FF_NL0009_20210228_030310_855_0370944_1.png
0,0.84,False,/mnt/local/fiachra/meteor_images/files/20220121_pngs/0/FF_NL0009_20210228_043835_159_0402944_1.png
0,0.78,False,/mnt/local/fiachra/meteor_images/files/20220121_pngs/0/FF_NL0009_20210301_184851_059_0051200_1.png
0,0.72,False,/mnt/local/fiachra/meteor_images/files/20220121_pngs/0/FF_NL0009_20210301_211628_907_0024064_1.png
0,0.49,False,/mnt/local/fiachra/meteor_images/files/20220121_pngs/0/FF_NL0009_20210312_195103_291_0141568_7.png
0,0.55,False,/mnt/local/fiachra/meteor_images/files/20220121_pngs/0/FF_NL0009_20210312_203424_252_0206592_1.png
0,0.78,False,/mnt/local/fiachra/meteor_images/files/20220121_pngs/0/FF_NL0009_20210314_190529_212_0068096_1.png
0,0.6,False,/mnt/local/fiachra/meteor_images/files/20220121_pngs/0/FF_NL0009_20210314_194129_855_0122112_3.png
0,0.54,False,/mnt/local/fiachra/meteor_images/files/20220121_pngs/0/FF_NL0009_20210322_211151_533_0114944_1.png
0,0.81,False,/mnt/local/fiachra/meteor_images/files/20220121_pngs/0/FF_NL0009_20210323_210105_241_0218112_1.png
0,0.56,False,/mnt/local/fiachra/meteor_images/files/20220121_pngs/0/FF_NL0009_20210329_192056_567_0051712_1.png
0,0.73,False,/mnt/local/fiachra/meteor_images/files/20220121_pngs/0/FF_NL0009_20210329_192756_564_0062208_2.png
0,0.65,False,/mnt/local/fiachra/meteor_images/files/20220121_pngs/0/FF_NL0009_20210329_202355_323_0146176_1.png
0,0.7,False,/mnt/local/fiachra/meteor_images/files/20220121_pngs/0/FF_NL0009_20210406_212559_560_0218880_1.png
0,0.69,False,/mnt/local/fiachra/meteor_images/files/20220121_pngs/0/FF_NL0009_20210408_195407_151_0075776_1.png
0,0.56,False,/mnt/local/fiachra/meteor_images/files/20220121_pngs/0/FF_NL0009_20210408_195650_952_0079872_1.png
0,0.46,False,/mnt/local/fiachra/meteor_images/files/20220121_pngs/0/FF_NL0009_20210506_210237_398_0100864_1.png
0,0.79,False,/mnt/local/fiachra/meteor_images/files/20220121_pngs/0/FF_NL0009_20210527_222329_423_0169984_1.png
0,0.63,False,/mnt/local/fiachra/meteor_images/files/20220121_pngs/0/FF_NL0009_20210609_221412_519_0104704_1.png
0,0.46,False,/mnt/local/fiachra/meteor_images/files/20220121_pngs/0/FF_NL0009_20210609_221432_484_0104960_1.png
0,0.67,False,/mnt/local/fiachra/meteor_images/files/20220121_pngs/0/FF_NL0009_20210609_223738_343_0123392_1.png
0,0.85,False,/mnt/local/fiachra/meteor_images/files/20220121_pngs/0/FF_NL0009_20210609_234113_484_0156672_1.png
0,0.85,False,/mnt/local/fiachra/meteor_images/files/20220121_pngs/0/FF_NL0009_20210609_234113_484_0156672_2.png
0,0.88,False,/mnt/local/fiachra/meteor_images/files/20220121_pngs/0/FF_NL0009_20210609_234159_711_0156928_1.png
0,0.87,False,/mnt/local/fiachra/meteor_images/files/20220121_pngs/0/FF_NL0009_20210610_003642_183_0173568_1.png
0,0.86,False,/mnt/local/fiachra/meteor_images/files/20220121_pngs/0/FF_NL0009_20210610_224642_329_0121088_1.png
0,0.88,False,/mnt/local/fiachra/meteor_images/files/20220121_pngs/0/FF_NL0009_20210610_233637_530_0141312_1.png
0,0.89,False,/mnt/local/fiachra/meteor_images/files/20220121_pngs/0/FF_NL0009_20210611_001942_437_0154880_1.png
0,0.58,False,/mnt/local/fiachra/meteor_images/files/20220121_pngs/0/FF_NL0009_20210611_213408_711_0067840_1.png
0,0.56,False,/mnt/local/fiachra/meteor_images/files/20220121_pngs/0/FF_NL0009_20210611_214107_171_0073472_1.png
0,0.88,False,/mnt/local/fiachra/meteor_images/files/20220121_pngs/0/FF_NL0009_20210611_224809_831_0134144_1.png
0,0.77,False,/mnt/local/fiachra/meteor_images/files/20220121_pngs/0/FF_NL0009_20210612_233122_245_0145408_1.png
0,0.88,False,/mnt/local/fiachra/meteor_images/files/20220121_pngs/0/FF_NL0009_20210612_233122_245_0145408_2.png
0,0.88,False,/mnt/local/fiachra/meteor_images/files/20220121_pngs/0/FF_NL0009_20210613_215244_942_0086528_1.png
0,0.86,False,/mnt/local/fiachra/meteor_images/files/20220121_pngs/0/FF_NL0009_20210614_215526_567_0090112_1.png
0,0.89,False,/mnt/local/fiachra/meteor_images/files/20220121_pngs/0/FF_NL0009_20210614_221544_283_0106240_1.png
0,0.77,False,/mnt/local/fiachra/meteor_images/files/20220121_pngs/0/FF_NL0009_20210614_221905_010_0108032_1.png
0,0.68,False,/mnt/local/fiachra/meteor_images/files/20220121_pngs/0/FF_NL0009_20210614_225830_908_0126464_1.png
0,0.64,False,/mnt/local/fiachra/meteor_images/files/20220121_pngs/0/FF_NL0009_20210614_225830_908_0126464_2.png
0,0.83,False,/mnt/local/fiachra/meteor_images/files/20220121_pngs/0/FF_NL0009_20210614_225952_506_0126720_1.png
0,0.76,False,/mnt/local/fiachra/meteor_images/files/20220121_pngs/0/FF_NL0009_20210628_012325_852_0407040_1.png
0,0.46,False,/mnt/local/fiachra/meteor_images/files/20220121_pngs/0/FF_NL0009_20210803_213803_879_0135424_1.png
0,0.91,False,/mnt/local/fiachra/meteor_images/files/20220121_pngs/0/FF_NL0009_20210803_215612_999_0162560_1.png
0,0.6,False,/mnt/local/fiachra/meteor_images/files/20220121_pngs/0/FF_NL0009_20210808_210305_006_0096768_1.png
0,0.68,False,/mnt/local/fiachra/meteor_images/files/20220121_pngs/0/FF_NL0009_20210826_195521_757_0055296_1.png
0,0.62,False,/mnt/local/fiachra/meteor_images/files/20220121_pngs/0/FF_NL0009_20210826_200221_671_0065792_2.png
0,0.78,False,/mnt/local/fiachra/meteor_images/files/20220121_pngs/0/FF_NL0009_20210902_194850_098_0069888_1.png
0,0.91,False,/mnt/local/fiachra/meteor_images/files/20220121_pngs/0/FF_NL0009_20210902_194850_098_0069888_2.png
0,0.89,False,/mnt/local/fiachra/meteor_images/files/20220121_pngs/0/FF_NL0009_20210902_195256_898_0076032_1.png
0,0.91,False,/mnt/local/fiachra/meteor_images/files/20220121_pngs/0/FF_NL0009_20210902_195703_140_0082176_1.png
0,0.5,False,/mnt/local/fiachra/meteor_images/files/20220121_pngs/0/FF_NL0009_20210902_195703_140_0082176_2.png
0,0.85,False,/mnt/local/fiachra/meteor_images/files/20220121_pngs/0/FF_NL0009_20210902_195936_747_0086016_1.png
0,0.55,False,/mnt/local/fiachra/meteor_images/files/20220121_pngs/0/FF_NL0009_20210902_205834_680_0174336_1.png
0,0.72,False,/mnt/local/fiachra/meteor_images/files/20220121_pngs/0/FF_NL0009_20210902_210027_304_0177152_1.png
0,0.92,False,/mnt/local/fiachra/meteor_images/files/20220121_pngs/0/FF_NL0009_20210902_210716_900_0187392_2.png
0,0.62,False,/mnt/local/fiachra/meteor_images/files/20220121_pngs/0/FF_NL0009_20210902_214034_580_0237312_1.png
0,0.81,False,/mnt/local/fiachra/meteor_images/files/20220121_pngs/0/FF_NL0009_20210906_234739_339_0442112_1.png
0,0.62,False,/mnt/local/fiachra/meteor_images/files/20220121_pngs/0/FF_NL0009_20210907_204923_141_0178432_1.png
0,0.81,False,/mnt/local/fiachra/meteor_images/files/20220121_pngs/0/FF_NL0009_20210907_204943_612_0178944_1.png
0,0.52,False,/mnt/local/fiachra/meteor_images/files/20220121_pngs/0/FF_NL0009_20210908_003450_943_0516352_1.png
0,0.73,False,/mnt/local/fiachra/meteor_images/files/20220121_pngs/0/FF_NL0009_20210913_195821_190_0123136_1.png
0,0.71,False,/mnt/local/fiachra/meteor_images/files/20220121_pngs/0/FF_NL0009_20210913_195821_190_0123136_2.png
0,0.66,False,/mnt/local/fiachra/meteor_images/files/20220121_pngs/0/FF_NL0009_20210913_195841_672_0123648_1.png
0,0.69,False,/mnt/local/fiachra/meteor_images/files/20220121_pngs/0/FF_NL0009_20210913_195932_870_0124928_2.png
0,0.52,False,/mnt/local/fiachra/meteor_images/files/20220121_pngs/0/FF_NL0009_20210913_200013_839_0125952_1.png
0,0.81,False,/mnt/local/fiachra/meteor_images/files/20220121_pngs/0/FF_NL0009_20210913_203320_558_0175616_3.png
0,0.56,False,/mnt/local/fiachra/meteor_images/files/20220121_pngs/0/FF_NL0009_20210913_203726_519_0181760_1.png
0,0.71,False,/mnt/local/fiachra/meteor_images/files/20220121_pngs/0/FF_NL0009_20210913_204314_677_0190464_4.png
0,0.6,False,/mnt/local/fiachra/meteor_images/files/20220121_pngs/0/FF_NL0009_20210913_204416_112_0192000_10.png
0,0.5,False,/mnt/local/fiachra/meteor_images/files/20220121_pngs/0/FF_NL0009_20210913_204527_790_0193792_6.png
0,0.7,False,/mnt/local/fiachra/meteor_images/files/20220121_pngs/0/FF_NL0009_20210913_204527_790_0193792_7.png
0,0.5,False,/mnt/local/fiachra/meteor_images/files/20220121_pngs/0/FF_NL0009_20210913_204538_035_0194048_1.png
0,0.86,False,/mnt/local/fiachra/meteor_images/files/20220121_pngs/0/FF_NL0009_20210913_205248_148_0204800_1.png
0,0.73,False,/mnt/local/fiachra/meteor_images/files/20220121_pngs/0/FF_NL0009_20210913_205745_336_0212224_1.png
0,0.86,False,/mnt/local/fiachra/meteor_images/files/20220121_pngs/0/FF_NL0009_20210913_205745_336_0212224_2.png
0,0.9,False,/mnt/local/fiachra/meteor_images/files/20220121_pngs/0/FF_NL0009_20210913_205745_336_0212224_3.png
0,0.84,False,/mnt/local/fiachra/meteor_images/files/20220121_pngs/0/FF_NL0009_20210913_205745_336_0212224_4.png
0,0.61,False,/mnt/local/fiachra/meteor_images/files/20220121_pngs/0/FF_NL0009_20210916_190410_420_0051712_1.png
0,0.83,False,/mnt/local/fiachra/meteor_images/files/20220121_pngs/0/FF_NL0009_20210922_194511_522_0134656_1.png
0,0.61,False,/mnt/local/fiachra/meteor_images/files/20220121_pngs/0/FF_NL0009_20210922_194521_786_0134912_1.png
0,0.86,False,/mnt/local/fiachra/meteor_images/files/20220121_pngs/0/FF_NL0009_20210925_210141_335_0260352_1.png
0,0.56,False,/mnt/local/fiachra/meteor_images/files/20220121_pngs/0/FF_SK0002_20211217_025101_284_1017856_2.png
0,0.88,False,/mnt/local/fiachra/meteor_images/files/20220121_pngs/0/FF_UK0006_20210104_041355_027_1022464_1.png
0,0.7,False,/mnt/local/fiachra/meteor_images/files/20220121_pngs/0/FF_UK0006_20210125_205912_938_0328192_1.png
0,0.46,False,/mnt/local/fiachra/meteor_images/files/20220121_pngs/0/FF_UK0006_20210125_210326_759_0334336_1.png
0,0.56,False,/mnt/local/fiachra/meteor_images/files/20220121_pngs/0/FF_UK0006_20210125_214516_413_0396800_1.png
0,0.65,False,/mnt/local/fiachra/meteor_images/files/20220121_pngs/0/FF_UK0006_20210203_181919_627_0067328_13.png
0,0.54,False,/mnt/local/fiachra/meteor_images/files/20220121_pngs/0/FF_UK0006_20210208_205801_389_0292352_1.png
0,0.89,False,/mnt/local/fiachra/meteor_images/files/20220121_pngs/0/FF_UK0006_20210211_185159_920_0096256_1.png
0,0.95,False,/mnt/local/fiachra/meteor_images/files/20220121_pngs/0/FF_UK0006_20210222_191732_875_0103936_1.png
0,0.61,False,/mnt/local/fiachra/meteor_images/files/20220121_pngs/0/FF_UK0006_20210222_191743_134_0104192_1.png
0,0.57,False,/mnt/local/fiachra/meteor_images/files/20220121_pngs/0/FF_UK0006_20210222_191753_364_0104448_1.png
0,0.65,False,/mnt/local/fiachra/meteor_images/files/20220121_pngs/0/FF_UK0006_20210225_195056_291_0144128_3.png
0,0.54,False,/mnt/local/fiachra/meteor_images/files/20220121_pngs/0/FF_UK0006_20210323_194636_358_0071936_2.png
0,0.88,False,/mnt/local/fiachra/meteor_images/files/20220121_pngs/0/FF_UK0006_20210323_202711_169_0130816_1.png
0,0.47,False,/mnt/local/fiachra/meteor_images/files/20220121_pngs/0/FF_UK0006_20210323_202721_592_0131072_1.png
0,0.65,False,/mnt/local/fiachra/meteor_images/files/20220121_pngs/0/FF_UK0006_20210323_202732_203_0131328_1.png
0,0.63,False,/mnt/local/fiachra/meteor_images/files/20220121_pngs/0/FF_UK0006_20210326_194349_225_0060416_1.png
0,0.53,False,/mnt/local/fiachra/meteor_images/files/20220121_pngs/0/FF_UK0006_20210326_194359_987_0060672_1.png
0,0.46,False,/mnt/local/fiachra/meteor_images/files/20220121_pngs/0/FF_UK0006_20210326_194410_554_0060928_1.png
0,0.54,False,/mnt/local/fiachra/meteor_images/files/20220121_pngs/0/FF_UK0006_20210329_202612_794_0114688_1.png
0,0.89,False,/mnt/local/fiachra/meteor_images/files/20220121_pngs/0/FF_UK0006_20210527_002153_063_0312576_1.png
0,0.68,False,/mnt/local/fiachra/meteor_images/files/20220121_pngs/0/FF_UK000F_20210203_204926_838_0172288_1.png
0,0.78,False,/mnt/local/fiachra/meteor_images/files/20220121_pngs/0/FF_UK000F_20210211_192148_775_0073728_1.png
0,0.59,False,/mnt/local/fiachra/meteor_images/files/20220121_pngs/0/FF_UK000F_20210222_192520_016_0091648_1.png
0,0.83,False,/mnt/local/fiachra/meteor_images/files/20220121_pngs/0/FF_UK000F_20210225_190545_906_0070656_8.png
0,0.93,False,/mnt/local/fiachra/meteor_images/files/20220121_pngs/0/FF_UK000F_20210312_052532_943_0820224_1.png
0,0.83,False,/mnt/local/fiachra/meteor_images/files/20220121_pngs/0/FF_UK000F_20210329_194332_540_0049664_1.png
0,0.63,False,/mnt/local/fiachra/meteor_images/files/20220121_pngs/0/FF_UK000F_20210530_231604_297_0143872_4.png
0,0.84,False,/mnt/local/fiachra/meteor_images/files/20220121_pngs/0/FF_UK000F_20210530_233715_521_0174592_1.png
0,0.88,False,/mnt/local/fiachra/meteor_images/files/20220121_pngs/0/FF_UK000F_20210531_020043_441_0379904_1.png
0,0.74,False,/mnt/local/fiachra/meteor_images/files/20220121_pngs/0/FF_UK000F_20210612_232753_414_0201472_1.png
0,0.52,False,/mnt/local/fiachra/meteor_images/files/20220121_pngs/0/FF_UK000F_20210926_202404_488_0175360_1.png
0,0.9,False,/mnt/local/fiachra/meteor_images/files/20220121_pngs/0/FF_UK001L_20210329_194012_035_0048640_1.png
0,0.61,False,/mnt/local/fiachra/meteor_images/files/20220121_pngs/0/FF_UK001L_20210405_230444_005_0334080_3.png
0,0.89,False,/mnt/local/fiachra/meteor_images/files/20220121_pngs/0/FF_UK002F_20210604_222137_133_0089344_1.png
0,0.69,False,/mnt/local/fiachra/meteor_images/files/20220121_pngs/0/FF_UK002F_20210604_223355_975_0105472_1.png
0,0.82,False,/mnt/local/fiachra/meteor_images/files/20220121_pngs/0/FF_UK002F_20210604_223411_654_0105728_1.png
0,0.68,False,/mnt/local/fiachra/meteor_images/files/20220121_pngs/0/FF_UK002F_20210926_200308_406_0144384_1.png
0,0.48,False,/mnt/local/fiachra/meteor_images/files/20220121_pngs/0/FF_UK002F_20210926_200308_406_0144384_2.png
0,0.75,False,/mnt/local/fiachra/meteor_images/files/20220121_pngs/0/FF_US0002_20201026_072644_210_0602880_2.png
